sample_id,relative_path,split,x_start,x_end,y_start,y_end,z_start,z_end,susceptibility_si,susceptibility_log10,tmi_min_nt,tmi_max_nt,peak_absolute_tmi_nt
sample_000000,samples/sample_000000.npz,train,21,37,45,50,16,19,0.002714121706456994,-2.566370681636645,-0.049762634599206136,0.6535397244878295,0.6535397244878295
sample_000001,samples/sample_000001.npz,train,42,49,34,43,7,12,0.0014867392935613251,-2.8277651802973107,-0.18814878790283368,2.5357816688442703,2.5357816688442703
sample_000002,samples/sample_000002.npz,train,45,53,24,40,13,20,0.0013688719385050205,-2.863637179332819,-0.10518033284466265,1.4512440924980885,1.4512440924980885
sample_000003,samples/sample_000003.npz,train,26,33,8,20,10,15,0.002871771068586256,-2.541850184071986,-0.22475633001677112,3.0652724582921587,3.0652724582921587
sample_000004,samples/sample_000004.npz,train,44,54,20,32,14,16,0.00042838062374426,-3.3681701811437676,-0.011491462818443222,0.15339089509232623,0.15339089509232623
sample_000005,samples/sample_000005.npz,train,46,54,42,49,16,20,0.0043836122927475695,-2.358167863868173,-0.07061364478894688,1.0231350866293731,1.0231350866293731
sample_000006,samples/sample_000006.npz,train,25,35,24,37,8,13,0.00518495329312759,-2.285255151450122,-0.9463583170288635,11.484696762501489,11.484696762501489
sample_000007,samples/sample_000007.npz,train,40,54,34,48,15,20,0.0449149872124939,-1.3476087196285906,-3.1860705641434683,41.60183805152772,41.60183805152772
sample_000008,samples/sample_000008.npz,train,16,29,40,53,13,16,0.09374601743068571,-1.0280471731428094,-5.67709633978107,71.51607178928568,71.51607178928568
sample_000009,samples/sample_000009.npz,train,39,50,32,36,14,17,0.002007520401473619,-2.6973400324988983,-0.02900309076809792,0.4014460262560632,0.4014460262560632
sample_000010,samples/sample_000010.npz,train,16,32,37,53,10,17,0.01179280936251106,-1.9283827220214866,-2.9414903272432977,33.5905064680272,33.5905064680272
sample_000011,samples/sample_000011.npz,train,50,55,13,25,7,15,0.020917572151127377,-1.6794887243246839,-2.7787995162866177,39.797930054115106,39.797930054115106
sample_000012,samples/sample_000012.npz,train,16,31,23,32,10,16,0.019551854521673264,-1.708812042854765,-2.693054970088333,32.92549800236282,32.92549800236282
sample_000013,samples/sample_000013.npz,train,8,19,43,53,5,12,0.016783872735770894,-1.775107822189244,-6.845154671022571,78.21506086610046,78.21506086610046
sample_000014,samples/sample_000014.npz,train,23,28,10,19,15,20,0.00010673173908927172,-3.9717064141123624,-0.0018633352731638152,0.027442522045772536,0.027442522045772536
sample_000015,samples/sample_000015.npz,train,21,34,24,32,14,17,0.005521321506594749,-2.257956963152448,-0.18221676607353254,2.411392124066001,2.411392124066001
sample_000016,samples/sample_000016.npz,train,19,35,21,36,4,10,0.04287091171140586,-1.3678372804963095,-40.3774388039508,295.55162537901856,295.55162537901856
sample_000017,samples/sample_000017.npz,train,45,52,18,28,6,13,0.000904639674748386,-3.0435243693355676,-0.18227923738022664,2.4797739905898823,2.4797739905898823
sample_000018,samples/sample_000018.npz,train,34,45,17,28,13,17,0.012125121402607878,-1.9163139043365245,-0.6668931829424899,8.9063927515357,8.9063927515357
sample_000019,samples/sample_000019.npz,train,26,37,36,42,12,20,0.00018266763299548786,-3.738338398770888,-0.009942587170431678,0.14311174707570123,0.14311174707570123
sample_000020,samples/sample_000020.npz,train,25,38,21,29,6,11,0.0016944316461380456,-2.770975946038064,-0.4554576679695026,4.944895856842105,4.944895856842105
sample_000021,samples/sample_000021.npz,train,30,36,11,21,3,8,0.0005177893193943106,-3.2858469121397604,-0.23307193392477102,2.6004168305080637,2.6004168305080637
sample_000022,samples/sample_000022.npz,train,22,31,40,56,7,15,0.0009487141926211728,-3.0228646023908006,-0.2722032990942733,3.344300216636579,3.344300216636579
sample_000023,samples/sample_000023.npz,train,28,42,29,34,5,13,0.00012490923537942242,-3.9034054501283277,-0.035597564100943974,0.4124213240775291,0.4124213240775291
sample_000024,samples/sample_000024.npz,train,28,39,13,18,15,17,0.060069332273364674,-1.2213471956139048,-0.6567889867186093,9.063146989311821,9.063146989311821
sample_000025,samples/sample_000025.npz,train,20,31,17,26,5,9,0.0003110057596449322,-3.5072315680186623,-0.09911582243190817,1.033376057568963,1.033376057568963
sample_000026,samples/sample_000026.npz,train,38,51,33,41,7,9,0.0010517945820810771,-2.978069070619302,-0.12562412417505148,1.3041765291798002,1.3041765291798002
sample_000027,samples/sample_000027.npz,train,19,35,11,27,15,17,0.014821997233508516,-1.8290932721293047,-0.6638638595188701,8.011507251197997,8.011507251197997
sample_000028,samples/sample_000028.npz,train,24,37,41,49,10,18,0.00046977110615501914,-3.328113698548902,-0.057145533029453945,0.767122222904556,0.767122222904556
sample_000029,samples/sample_000029.npz,train,26,33,21,30,5,8,0.02466167736925338,-1.6079773881037625,-4.582688415733909,54.06217417418187,54.06217417418187
sample_000030,samples/sample_000030.npz,train,45,51,24,39,15,22,0.00029024465691804014,-3.5372357663951424,-0.011681062390623604,0.16762477531943296,0.16762477531943296
sample_000031,samples/sample_000031.npz,train,12,21,32,39,7,9,0.00011882906475425999,-3.9250773209831094,-0.009148890226903912,0.11128978659364194,0.11128978659364194
sample_000032,samples/sample_000032.npz,train,35,46,18,34,9,14,0.04186715757258865,-1.3781265230457986,-7.705989188042697,90.65044543697465,90.65044543697465
sample_000033,samples/sample_000033.npz,train,29,38,24,34,4,9,0.00542373551924544,-2.2657014963778632,-2.378426532009079,25.413137561709704,25.413137561709704
sample_000034,samples/sample_000034.npz,train,28,36,18,32,9,17,0.0011158491320323628,-2.9523945200534767,-0.16857630441383992,2.297184309471307,2.297184309471307
sample_000035,samples/sample_000035.npz,train,35,50,42,55,7,11,0.015542182593965446,-1.8084879931312332,-4.650150794688013,45.12917772571444,45.12917772571444
sample_000036,samples/sample_000036.npz,train,38,54,36,47,10,15,0.00036950445976016965,-3.4323803154896053,-0.058527532552319836,0.6738157278325964,0.6738157278325964
sample_000037,samples/sample_000037.npz,train,30,38,25,33,16,19,0.0114521779554434,-1.9411119120941498,-0.16931936593775915,2.4243670003860354,2.4243670003860354
sample_000038,samples/sample_000038.npz,train,23,35,25,35,8,10,0.007076321619201074,-2.1501924366060003,-0.7073030169885347,7.871901022275751,7.871901022275751
sample_000039,samples/sample_000039.npz,train,36,40,26,34,6,10,0.005425510435305303,-2.2655593968696124,-0.44348450402648987,6.144986975451404,6.144986975451404
sample_000040,samples/sample_000040.npz,train,29,40,30,46,9,12,0.00496525275810757,-2.3040586386776942,-0.6679189740290776,7.531130407938446,7.531130407938446
sample_000041,samples/sample_000041.npz,train,24,39,23,27,3,8,0.00010694599865640228,-3.9708354597502664,-0.05205033710654927,0.434767293080474,0.434767293080474
sample_000042,samples/sample_000042.npz,train,24,30,37,46,2,7,0.0002568802348061012,-3.590269310466517,-0.171631573764002,1.7745679988987033,1.7745679988987033
sample_000043,samples/sample_000043.npz,train,29,36,27,42,5,8,0.05452003087298683,-1.2634439069099241,-13.65386676374421,141.69239389417388,141.69239389417388
sample_000044,samples/sample_000044.npz,train,24,31,19,33,13,20,0.019885134291227107,-1.701471471726431,-1.200704466974635,16.991865854787026,16.991865854787026
sample_000045,samples/sample_000045.npz,train,32,38,14,23,4,11,0.0027948648025245804,-2.5536391956264515,-0.8376607541008909,11.210586366659895,11.210586366659895
sample_000046,samples/sample_000046.npz,train,25,41,42,56,6,8,0.0015313162469635297,-2.814935109675318,-0.42621629959277446,3.313214881606664,3.313214881606664
sample_000047,samples/sample_000047.npz,train,13,18,47,56,6,8,0.02038124117650739,-1.6907693718656676,-1.5247586694650046,19.436506382709823,19.436506382709823
sample_000048,samples/sample_000048.npz,train,35,47,17,21,8,11,0.00033428248268698346,-3.4758863810254654,-0.019669975098162245,0.23732766859128152,0.23732766859128152
sample_000049,samples/sample_000049.npz,train,16,30,21,26,3,8,0.013787842559305612,-1.8605036843600562,-7.714296467263777,65.24766329095891,65.24766329095891
sample_000050,samples/sample_000050.npz,train,27,43,28,38,6,14,0.0003482979970993476,-3.458049022961236,-0.1526912453640576,1.6095429907179255,1.6095429907179255
sample_000051,samples/sample_000051.npz,train,20,25,38,51,3,9,0.06955283160556623,-1.1576851844981109,-31.38322206181166,356.77802893688323,356.77802893688323
sample_000052,samples/sample_000052.npz,train,14,20,18,30,14,16,0.018151675303766535,-1.7410832856909755,-0.2958738151000593,4.125427149136303,4.125427149136303
sample_000053,samples/sample_000053.npz,train,40,45,22,34,11,15,0.010092662415707852,-1.9959942529973467,-0.4060753748236923,5.65846247535104,5.65846247535104
sample_000054,samples/sample_000054.npz,train,14,23,10,23,16,19,0.002893276830174285,-2.5386100108507037,-0.07481934985992135,1.0331689611290873,1.0331689611290873
sample_000055,samples/sample_000055.npz,train,23,31,34,39,8,13,0.0010365693181341763,-2.984401650177392,-0.0676860531038374,0.9493683770519542,0.9493683770519542
sample_000056,samples/sample_000056.npz,train,16,28,45,49,5,9,0.0011828642928387071,-2.927065078070309,-0.20623358503547415,2.234292349013234,2.234292349013234
sample_000057,samples/sample_000057.npz,train,25,37,10,17,13,16,0.002228884152361605,-2.651912503658646,-0.072093490016531,0.9605441136254859,0.9605441136254859
sample_000058,samples/sample_000058.npz,train,14,22,41,49,7,11,0.0003411477074042492,-3.467057542939049,-0.040178338945637,0.5197312291775527,0.5197312291775527
sample_000059,samples/sample_000059.npz,train,44,53,31,40,3,11,0.05959495137808526,-1.224790530217975,-37.27018016684431,426.90287545442226,426.90287545442226
sample_000060,samples/sample_000060.npz,train,32,40,26,33,6,14,0.00042327667077257983,-3.373375667349142,-0.07356234148512887,1.0563779532985544,1.0563779532985544
sample_000061,samples/sample_000061.npz,train,16,30,46,53,8,13,0.00339429344692592,-2.469250614324881,-0.5073569918875085,5.95968436120387,5.95968436120387
sample_000062,samples/sample_000062.npz,train,9,22,27,42,2,7,0.0759263564427792,-1.1196074405641019,-118.94351382151726,676.7821948707821,676.7821948707821
sample_000063,samples/sample_000063.npz,train,34,45,10,21,8,13,0.0017608285321324085,-2.754282933172071,-0.3091289693896913,3.7616885438647607,3.7616885438647607
sample_000064,samples/sample_000064.npz,train,30,37,20,27,14,19,0.0003319358319033936,-3.478945863716838,-0.007519014163692666,0.10976947364446712,0.10976947364446712
sample_000065,samples/sample_000065.npz,train,39,45,24,28,4,6,0.0002785439884617265,-3.55510621004989,-0.02833408950137288,0.35043831365648626,0.35043831365648626
sample_000066,samples/sample_000066.npz,train,34,49,9,16,4,7,0.0006572014661272847,-3.1823014763838424,-0.2845015784988236,2.2093407496017,2.2093407496017
sample_000067,samples/sample_000067.npz,train,29,45,34,47,8,16,0.0032327652563381303,-2.4904258300554214,-1.0829393627973176,12.135572906703675,12.135572906703675
sample_000068,samples/sample_000068.npz,train,22,35,11,20,12,16,0.032333221976181506,-1.49035101618166,-2.096964341688823,27.001754525807627,27.001754525807627
sample_000069,samples/sample_000069.npz,train,35,49,36,48,8,13,0.0021729584091001613,-2.6629485860914213,-0.5069968903090483,5.632420065401593,5.632420065401593
sample_000070,samples/sample_000070.npz,train,41,50,40,47,2,4,0.00012683978070112485,-3.8967445175151294,-0.08021505127968487,0.5663661098106471,0.5663661098106471
sample_000071,samples/sample_000071.npz,train,44,54,36,52,6,11,0.06504836802745442,-1.1867635948066524,-22.338831495151684,235.61479329765092,235.61479329765092
sample_000072,samples/sample_000072.npz,train,24,39,42,54,10,17,0.043816978201833424,-1.3583575764677063,-8.24316074595225,100.42585503568293,100.42585503568293
sample_000073,samples/sample_000073.npz,train,40,46,8,15,7,13,0.07132048405598042,-1.1467857179065564,-6.696644861099882,97.23709475754795,97.23709475754795
sample_000074,samples/sample_000074.npz,train,16,26,36,49,15,21,0.00022457354602116103,-3.648641403433772,-0.012101777243202038,0.16875629292240274,0.16875629292240274
sample_000075,samples/sample_000075.npz,train,17,28,32,40,13,17,0.007575970270208146,-2.120561738269551,-0.31239908458358717,4.256457410758991,4.256457410758991
sample_000076,samples/sample_000076.npz,train,39,48,39,46,13,17,0.00034581621261519496,-3.4611546499161623,-0.010377801208399623,0.14574923503679263,0.14574923503679263
sample_000077,samples/sample_000077.npz,train,14,28,37,42,15,21,0.0021073054672891174,-2.6762725060898367,-0.0639233677988252,0.8822104697973943,0.8822104697973943
sample_000078,samples/sample_000078.npz,train,25,36,36,46,8,11,0.0003111301820934276,-3.507057856841083,-0.0381587136625106,0.4479927098437633,0.4479927098437633
sample_000079,samples/sample_000079.npz,train,11,19,8,12,3,6,0.0731221126768383,-1.135951269262217,-19.08150255196832,204.2852471172248,204.2852471172248
sample_000080,samples/sample_000080.npz,train,32,45,33,41,3,8,0.0011098162997414545,-2.95474890104304,-0.8448913903636116,6.879606528794418,6.879606528794418
sample_000081,samples/sample_000081.npz,train,33,41,12,27,2,5,0.0025378320462322917,-2.5955371229064474,-2.308271876812664,15.655653614056927,15.655653614056927
sample_000082,samples/sample_000082.npz,train,22,26,25,31,16,19,0.0012386747140712125,-2.9070427278705813,-0.007000707070237154,0.10377626347434912,0.10377626347434912
sample_000083,samples/sample_000083.npz,train,9,21,29,39,5,11,0.00012309705656935393,-3.909752331560727,-0.052440885550118,0.5563109743348252,0.5563109743348252
sample_000084,samples/sample_000084.npz,train,40,49,39,47,13,15,0.006163651030584841,-2.2101619578481038,-0.12517151861161105,1.7178550822876297,1.7178550822876297
sample_000085,samples/sample_000085.npz,train,11,15,35,43,8,14,0.09605122303322387,-1.0174971008366587,-5.275380352970249,78.22856282507875,78.22856282507875
sample_000086,samples/sample_000086.npz,train,41,45,10,17,7,14,0.06255399489762463,-1.2037449496541286,-4.128124241278663,63.4309640102077,63.4309640102077
sample_000087,samples/sample_000087.npz,train,14,30,25,34,2,4,0.022614303531531994,-1.645616782981965,-24.194032871334887,105.06572915212264,105.06572915212264
sample_000088,samples/sample_000088.npz,train,11,27,19,35,2,7,0.0331225643636858,-1.4798760473133026,-61.607470683988346,295.3114281815449,295.3114281815449
sample_000089,samples/sample_000089.npz,train,25,40,10,17,5,7,0.00029961371479168223,-3.5234383107255005,-0.0701218220285922,0.5794014345347606,0.5794014345347606
sample_000090,samples/sample_000090.npz,train,31,35,39,44,13,15,0.0003275472741620708,-3.4847260104017774,-0.0019211537651987725,0.02824299953181747,0.02824299953181747
sample_000091,samples/sample_000091.npz,train,31,37,40,54,15,20,0.0002677271091729842,-3.572307651345194,-0.00833481787234338,0.11815120866474155,0.11815120866474155
sample_000092,samples/sample_000092.npz,train,14,30,25,30,16,24,0.00037406706712428406,-3.42705052541788,-0.012924939986667609,0.17910635767191313,0.17910635767191313
sample_000093,samples/sample_000093.npz,train,46,51,39,47,3,5,0.011668813115578457,-1.9329733156400386,-2.756439509561073,30.0108432365964,30.0108432365964
sample_000094,samples/sample_000094.npz,train,18,28,35,43,6,11,0.00012197686563744997,-3.913722530626203,-0.026033803391147338,0.3140980757914207,0.3140980757914207
sample_000095,samples/sample_000095.npz,train,26,32,42,53,5,10,0.0007527274224170133,-3.123362262008171,-0.17297388141395856,2.148960171328217,2.148960171328217
sample_000096,samples/sample_000096.npz,train,45,54,30,44,6,13,0.0002524635848494753,-3.5978012553252805,-0.08194441968230014,0.9782526684988682,0.9782526684988682
sample_000097,samples/sample_000097.npz,train,17,22,27,38,13,16,0.00047983312935195014,-3.3189097701280166,-0.009989608207642872,0.14127612459948558,0.14127612459948558
sample_000098,samples/sample_000098.npz,train,16,30,31,41,13,20,0.002625621660087553,-2.5807678535602916,-0.23064624956884447,3.085213874963876,3.085213874963876
sample_000099,samples/sample_000099.npz,train,13,17,17,21,8,11,0.022921907147221858,-1.6397492510564318,-0.47167802355606087,6.904434134709114,6.904434134709114
sample_000100,samples/sample_000100.npz,train,13,17,29,42,3,8,0.03162432998413388,-1.499978666994811,-11.238910729000082,125.59917820503264,125.59917820503264
sample_000101,samples/sample_000101.npz,train,13,21,43,56,8,11,0.0010878158774742068,-2.9634446066266467,-0.12050883277693576,1.4625430044045764,1.4625430044045764
sample_000102,samples/sample_000102.npz,train,37,47,16,27,6,11,0.00244837135739599,-2.6111227097959633,-0.6654323797028168,7.670188904281072,7.670188904281072
sample_000103,samples/sample_000103.npz,train,39,53,23,30,10,14,0.09751341139770942,-1.010935649988964,-8.117693819127304,99.32570775697089,99.32570775697089
sample_000104,samples/sample_000104.npz,train,23,33,36,50,3,6,0.00021787754851188207,-3.661787519913279,-0.14950382978109236,1.092163783431271,1.092163783431271
sample_000105,samples/sample_000105.npz,train,18,31,29,42,5,8,0.00034629419612468954,-3.4605547871457265,-0.13894911755952427,1.1686830491983258,1.1686830491983258
sample_000106,samples/sample_000106.npz,train,29,40,25,32,14,16,0.0033773036848387095,-2.4714298861458017,-0.06094594005329403,0.8250446654893714,0.8250446654893714
sample_000107,samples/sample_000107.npz,train,46,53,41,55,13,16,0.00017052064121931212,-3.768223042917438,-0.006057302082423962,0.08187967551394457,0.08187967551394457
sample_000108,samples/sample_000108.npz,train,31,47,43,55,10,12,0.006966700107330589,-2.1569728839587103,-0.6353089184382388,6.786980901943618,6.786980901943618
sample_000109,samples/sample_000109.npz,train,28,38,27,34,6,11,0.0018344951142553146,-2.736483440547326,-0.3494304682997106,4.310679041845052,4.310679041845052
sample_000110,samples/sample_000110.npz,train,15,22,25,31,2,7,0.0009738229000258108,-3.011520016976499,-0.5811134916553848,6.330895948995708,6.330895948995708
sample_000111,samples/sample_000111.npz,train,33,37,23,31,8,16,0.011927386336566937,-1.9234547134097388,-0.7133095381108939,11.029981111562545,11.029981111562545
sample_000112,samples/sample_000112.npz,train,9,22,25,30,15,20,0.002333735431199328,-2.6319483802027963,-0.0590760732652036,0.8177184557905517,0.8177184557905517
sample_000113,samples/sample_000113.npz,train,45,55,20,30,9,13,0.0029858651895276686,-2.524929804369169,-0.3121608154552895,3.9805929864314304,3.9805929864314304
sample_000114,samples/sample_000114.npz,train,41,56,27,43,15,17,0.005912997584379697,-2.2281922984219635,-0.24939067847944357,3.0584788812300623,3.0584788812300623
sample_000115,samples/sample_000115.npz,train,40,52,40,54,7,9,0.010230301661026321,-1.9901115600524952,-1.6841391382782152,16.647199770782812,16.647199770782812
sample_000116,samples/sample_000116.npz,train,44,49,22,35,13,19,0.0012089296729923635,-2.9175989625963874,-0.04548150270827586,0.6521835456951351,0.6521835456951351
sample_000117,samples/sample_000117.npz,train,9,13,14,23,3,11,0.00023269795691943608,-3.6332074297880883,-0.06874443918634172,0.9896402115063789,0.9896402115063789
sample_000118,samples/sample_000118.npz,train,27,43,50,56,9,17,0.00040732516988484886,-3.3900587526825796,-0.05624640271629448,0.7015749885311385,0.7015749885311385
sample_000119,samples/sample_000119.npz,train,11,17,27,37,7,15,0.0013918448101550495,-2.8564091855951355,-0.19119582717395978,2.7761666325079144,2.7761666325079144
sample_000120,samples/sample_000120.npz,train,44,49,17,31,3,5,0.04339696509833603,-1.3625406411587409,-13.15026176704504,121.71983614413301,121.71983614413301
sample_000121,samples/sample_000121.npz,train,39,45,46,55,3,6,0.015377974374479554,-1.8131008671303435,-5.584746647371351,58.09505091306734,58.09505091306734
sample_000122,samples/sample_000122.npz,train,41,47,29,42,14,22,0.09844546764099096,-1.0068042736733318,-4.34936011925019,63.83625115274386,63.83625115274386
sample_000123,samples/sample_000123.npz,train,20,33,14,29,5,9,0.0009292217564507029,-3.031880630344175,-0.46559009070734064,3.963980244600196,3.963980244600196
sample_000124,samples/sample_000124.npz,train,45,55,35,46,2,10,0.013882635559311572,-1.85752807709375,-16.099537463751652,143.1307840873502,143.1307840873502
sample_000125,samples/sample_000125.npz,train,13,19,17,33,15,21,0.0007746447800869405,-3.1108974012531942,-0.030173443494238755,0.4255997865859637,0.4255997865859637
sample_000126,samples/sample_000126.npz,train,24,32,44,50,13,15,0.00018764964923581172,-3.726652243055289,-0.0025966750770824976,0.036568082413062517,0.036568082413062517
sample_000127,samples/sample_000127.npz,train,24,31,48,52,5,13,0.016799721038023484,-1.7746979297415733,-2.0730629403532976,31.934384075903957,31.934384075903957
sample_000128,samples/sample_000128.npz,train,29,35,39,55,4,11,0.000663139202057882,-3.1783952976283674,-0.2826188087415336,3.1886778216571257,3.1886778216571257
sample_000129,samples/sample_000129.npz,train,11,20,21,34,13,15,0.04132084073648745,-1.3838308506688093,-1.2835504340708668,16.94204015058977,16.94204015058977
sample_000130,samples/sample_000130.npz,train,23,31,11,23,9,16,0.001573347390033956,-2.803175375966776,-0.20127764472031215,2.76303414488801,2.76303414488801
sample_000131,samples/sample_000131.npz,train,18,22,26,35,6,14,0.00011259044406694853,-3.948498467966953,-0.012394236056795186,0.18837632105605032,0.18837632105605032
sample_000132,samples/sample_000132.npz,train,43,53,39,54,15,17,0.048709459535890266,-1.3123866891899363,-1.3285127850986442,17.56817040163761,17.56817040163761
sample_000133,samples/sample_000133.npz,train,34,42,22,33,10,18,0.01694564704720463,-1.7709418435474378,-1.7211063539336358,24.59868863019693,24.59868863019693
sample_000134,samples/sample_000134.npz,train,18,33,40,52,15,21,0.00019043182522852334,-3.7202604699949644,-0.014101213841106774,0.18610202913839374,0.18610202913839374
sample_000135,samples/sample_000135.npz,train,23,28,38,52,7,11,0.00010978332603522839,-3.9594636158128766,-0.012536097343201963,0.15775281968000907,0.15775281968000907
sample_000136,samples/sample_000136.npz,train,11,16,48,56,2,6,0.01441456626905171,-1.8411984208991798,-7.483912679479193,81.24826425766408,81.24826425766408
sample_000137,samples/sample_000137.npz,train,16,25,19,30,15,19,0.0059392908650579765,-2.226265405486332,-0.19179855142797636,2.683021476699479,2.683021476699479
sample_000138,samples/sample_000138.npz,train,24,36,24,35,5,9,0.0003337107247659763,-3.47662983580299,-0.1310372212754946,1.260554396334845,1.260554396334845
sample_000139,samples/sample_000139.npz,train,39,50,25,37,14,16,0.07312512539690334,-1.1359333761694352,-2.149883173432822,28.25763663562338,28.25763663562338
sample_000140,samples/sample_000140.npz,train,19,25,26,42,15,17,0.0027036849253419563,-2.5680439204072245,-0.047145086523130555,0.6417939790701596,0.6417939790701596
sample_000141,samples/sample_000141.npz,train,12,17,30,38,6,13,0.006998901215068892,-2.1549701362270106,-0.8505743097535802,12.593559466349921,12.593559466349921
sample_000142,samples/sample_000142.npz,train,34,47,20,35,5,8,0.0015401315727521555,-2.8124421759951073,-0.661842795473229,5.372563971076726,5.372563971076726
sample_000143,samples/sample_000143.npz,train,28,40,17,31,15,22,0.0007329579915648821,-3.1349209156104005,-0.05478293922774228,0.7501394363535827,0.7501394363535827
sample_000144,samples/sample_000144.npz,train,17,21,37,47,13,21,0.0015396257465631403,-2.8125848349788454,-0.04221980603121423,0.6400920030856954,0.6400920030856954
sample_000145,samples/sample_000145.npz,train,25,35,10,25,12,20,0.049328980288450786,-1.3068978620297744,-5.600688263998796,76.50433374608915,76.50433374608915
sample_000146,samples/sample_000146.npz,train,8,19,35,48,7,10,0.005610318538719214,-2.2510124799772293,-1.0792652282466082,11.55214695208267,11.55214695208267
sample_000147,samples/sample_000147.npz,train,16,29,27,40,9,11,0.014006105279865086,-1.8536826135090454,-1.4181728303507266,15.428841282841887,15.428841282841887
sample_000148,samples/sample_000148.npz,train,50,54,26,35,11,17,0.03040053608226259,-1.5171187579861236,-0.9569862323807662,14.200760119005738,14.200760119005738
sample_000149,samples/sample_000149.npz,train,25,40,18,25,2,4,0.0143072268609199,-1.8444445364506818,-12.9911115895354,64.13131135586184,64.13131135586184
sample_000150,samples/sample_000150.npz,train,31,40,22,30,9,12,0.0013726592082525563,-2.8624372721925493,-0.08998215351016535,1.1743261593649768,1.1743261593649768
sample_000151,samples/sample_000151.npz,train,10,14,26,34,9,12,0.00023272119705449959,-3.633164057862636,-0.006961253859353269,0.09867219797469076,0.09867219797469076
sample_000152,samples/sample_000152.npz,train,10,23,21,31,8,14,0.008477321967224833,-2.071741322100007,-1.7383031149043282,20.832283034943167,20.832283034943167
sample_000153,samples/sample_000153.npz,train,47,54,45,56,4,12,0.023973481994041753,-1.620268882905287,-9.626763679474337,122.73709490335415,122.73709490335415
sample_000154,samples/sample_000154.npz,train,8,20,39,49,13,15,0.0003653353667337383,-3.437308283348362,-0.011950160941480515,0.15470190350000546,0.15470190350000546
sample_000155,samples/sample_000155.npz,train,31,37,39,49,14,18,0.0003435915596236078,-3.4639575132165668,-0.008072781613625037,0.11611947928019516,0.11611947928019516
sample_000156,samples/sample_000156.npz,train,18,23,34,49,3,8,0.004854186157708737,-2.313883572520894,-2.253383415149778,23.385014300607413,23.385014300607413
sample_000157,samples/sample_000157.npz,train,19,24,45,54,10,15,0.0035210078585371576,-2.4533330056269147,-0.15532865131880044,2.2420953952195486,2.2420953952195486
sample_000158,samples/sample_000158.npz,train,38,48,20,30,3,5,0.0002338979085313964,-3.6309736615484125,-0.11341426254830322,0.8435689797395314,0.8435689797395314
sample_000159,samples/sample_000159.npz,train,36,52,36,41,8,14,0.0002830716515354994,-3.5481036212677464,-0.03758647025365237,0.435164337681212,0.435164337681212
sample_000160,samples/sample_000160.npz,train,46,55,9,20,11,19,0.012302902502135627,-1.9099924176698644,-1.1587402525282648,16.441233461980758,16.441233461980758
sample_000161,samples/sample_000161.npz,train,38,52,17,21,16,24,0.02585196124466053,-1.5875065038108955,-0.6310113732771304,8.975276128998187,8.975276128998187
sample_000162,samples/sample_000162.npz,train,39,48,9,14,13,20,0.0033070662917000296,-2.480557099361785,-0.09853944324224574,1.4470725859837272,1.4470725859837272
sample_000163,samples/sample_000163.npz,train,44,54,34,48,4,6,0.003608050477722243,-2.442727395175861,-1.3149369208088886,10.556757369747647,10.556757369747647
sample_000164,samples/sample_000164.npz,train,21,30,31,43,3,5,0.017070968979684728,-1.7677418268298126,-8.140768291514616,61.45830922613861,61.45830922613861
sample_000165,samples/sample_000165.npz,train,22,34,16,27,12,20,0.019898522108694163,-1.701179178056302,-2.0673469425023088,28.420403076119282,28.420403076119282
sample_000166,samples/sample_000166.npz,train,9,14,22,32,7,12,0.05138155956201256,-1.2891927179190867,-5.119808454395964,70.55040575841207,70.55040575841207
sample_000167,samples/sample_000167.npz,train,42,47,39,50,16,23,0.0006832655395323443,-3.165410482348211,-0.015048347060996567,0.22349786058722096,0.22349786058722096
sample_000168,samples/sample_000168.npz,train,25,35,33,44,16,21,0.0003780882454644093,-3.422406824381178,-0.01348210373996477,0.18981278891980174,0.18981278891980174
sample_000169,samples/sample_000169.npz,train,25,34,13,26,3,8,0.00613090949313588,-2.2124750950490486,-4.493877994665932,40.11971910668084,40.11971910668084
sample_000170,samples/sample_000170.npz,train,50,55,11,21,15,19,0.04049294752411374,-1.3926206093302018,-0.6721702956578071,9.755678132490573,9.755678132490573
sample_000171,samples/sample_000171.npz,train,41,50,14,18,6,8,0.004820996166587763,-2.316863213845855,-0.31478592929678306,3.7939512494677747,3.7939512494677747
sample_000172,samples/sample_000172.npz,train,40,49,35,43,12,14,0.0009376603379113663,-3.027954453822979,-0.023238544582786458,0.31507550029764053,0.31507550029764053
sample_000173,samples/sample_000173.npz,train,25,35,24,30,4,11,0.03169820477060869,-1.4989653333751813,-10.97692690249018,134.06620995179267,134.06620995179267
sample_000174,samples/sample_000174.npz,train,32,40,37,51,7,12,0.00622294884347219,-2.2060037691728587,-1.239022538063198,15.01852681128567,15.01852681128567
sample_000175,samples/sample_000175.npz,train,29,40,36,49,6,12,0.02318148114807349,-1.6348588188519377,-8.210118972538396,91.02119568476687,91.02119568476687
sample_000176,samples/sample_000176.npz,train,16,32,31,38,9,13,0.00499172161073519,-2.3017496433362203,-0.5877730503391305,6.604873330690995,6.604873330690995
sample_000177,samples/sample_000177.npz,train,21,33,35,41,9,15,0.0005899654564720957,-3.229173416328609,-0.05671553979711334,0.7461972987901677,0.7461972987901677
sample_000178,samples/sample_000178.npz,train,21,32,39,55,11,14,0.016921217790045205,-1.771568384768329,-1.4967604081988195,18.031234894063477,18.031234894063477
sample_000179,samples/sample_000179.npz,train,13,29,26,31,11,14,0.00011638658766957025,-3.934097064675061,-0.005321812121032004,0.06331150466641276,0.06331150466641276
sample_000180,samples/sample_000180.npz,train,28,35,26,32,7,13,0.0007137674383101831,-3.146443268211074,-0.06780591832079207,0.9721278124073338,0.9721278124073338
sample_000181,samples/sample_000181.npz,train,27,38,34,42,7,14,0.012426443401391074,-1.9056531539144554,-2.4380723060140648,31.398522432882505,31.398522432882505
sample_000182,samples/sample_000182.npz,train,23,38,28,36,9,15,0.02649966977089935,-1.5767595380469572,-4.0667737585110775,48.809464845279095,48.809464845279095
sample_000183,samples/sample_000183.npz,train,21,34,39,50,16,22,0.0017147849251534456,-2.7657903430710453,-0.08834552740192295,1.2158906062712873,1.2158906062712873
sample_000184,samples/sample_000184.npz,train,15,22,44,48,11,16,0.014810109222839382,-1.8294417385955013,-0.34273708944293657,5.022726356227601,5.022726356227601
sample_000185,samples/sample_000185.npz,train,25,33,35,40,9,17,0.02497457827999224,-1.6025018365241466,-1.512653640845658,22.771740296191243,22.771740296191243
sample_000186,samples/sample_000186.npz,train,19,23,28,32,5,13,0.007789147318556507,-2.108510082136711,-0.5592828462839725,9.345211858061697,9.345211858061697
sample_000187,samples/sample_000187.npz,train,40,45,8,24,15,17,0.007427919532580163,-2.1291328096637727,-0.10820541445922133,1.4794564188900976,1.4794564188900976
sample_000188,samples/sample_000188.npz,train,45,54,45,51,8,13,0.000993973134872328,-3.002625353564835,-0.08603371645564727,1.1629926982017074,1.1629926982017074
sample_000189,samples/sample_000189.npz,train,30,35,11,23,5,8,0.0002439625866961774,-3.61267677053519,-0.039812191595515654,0.46867016496960984,0.46867016496960984
sample_000190,samples/sample_000190.npz,train,30,35,18,31,2,7,0.0002456622002003063,-3.6096616628415914,-0.16534908499661177,1.6312438343187763,1.6312438343187763
sample_000191,samples/sample_000191.npz,train,43,55,29,35,15,17,0.001533277586886474,-2.8143792126996328,-0.021730899429735676,0.2955909750054078,0.2955909750054078
sample_000192,samples/sample_000192.npz,train,34,48,9,18,8,13,0.06568898427387235,-1.1825074534262412,-12.202289749098485,140.37361289282634,140.37361289282634
sample_000193,samples/sample_000193.npz,train,11,21,33,37,15,22,0.027105949090118656,-1.5669353816914429,-0.5188040962415801,7.616269869566652,7.616269869566652
sample_000194,samples/sample_000194.npz,train,33,46,40,47,7,15,0.0269879899096599,-1.568829460891867,-5.647834246642208,71.49719599861866,71.49719599861866
sample_000195,samples/sample_000195.npz,train,28,44,9,17,9,12,0.0011891921451650223,-2.924747968053337,-0.1319678517405773,1.4333064394958264,1.4333064394958264
sample_000196,samples/sample_000196.npz,train,20,26,10,21,3,11,0.004918958770017333,-2.3081268176173313,-2.4337022617266513,30.12504062229358,30.12504062229358
sample_000197,samples/sample_000197.npz,train,32,42,10,15,3,5,0.04131036976117141,-1.3839409177196695,-12.828496584622869,110.75905099164115,110.75905099164115
sample_000198,samples/sample_000198.npz,train,26,37,32,47,5,9,0.07872951140058915,-1.103862443803585,-34.175614886960595,316.2047938093306,316.2047938093306
sample_000199,samples/sample_000199.npz,train,19,31,36,51,5,10,0.01262537530759516,-1.8987557029839581,-6.509109606471819,60.38585736924468,60.38585736924468
sample_000200,samples/sample_000200.npz,train,8,20,45,56,12,18,0.00019019991567352008,-3.720789679946097,-0.01731010326345544,0.2308893157148665,0.2308893157148665
sample_000201,samples/sample_000201.npz,train,35,46,44,48,15,21,0.015775692232668073,-1.8020115749534318,-0.3047077962388409,4.376567005133432,4.376567005133432
sample_000202,samples/sample_000202.npz,train,17,33,33,45,12,16,0.0023630985369655303,-2.6265181686900334,-0.23817706752789294,2.838143064053474,2.838143064053474
sample_000203,samples/sample_000203.npz,train,25,37,23,36,7,15,0.055307687727255146,-1.2572144978910789,-17.930416255201436,214.56553665981588,214.56553665981588
sample_000204,samples/sample_000204.npz,train,39,45,21,37,15,21,0.0033153269320460414,-2.479473638365513,-0.12913639138939437,1.8214832067908238,1.8214832067908238
sample_000205,samples/sample_000205.npz,train,35,42,40,49,13,21,0.00022336257378913316,-3.650989594687404,-0.00967465240569913,0.14412307557716433,0.14412307557716433
sample_000206,samples/sample_000206.npz,train,24,36,12,20,7,10,0.020966630845534483,-1.6784713512584952,-3.051435117945323,34.012042053674065,34.012042053674065
sample_000207,samples/sample_000207.npz,train,37,45,33,49,5,9,0.0013268841408641918,-2.877166996638241,-0.4489925435073464,4.566605592117135,4.566605592117135
sample_000208,samples/sample_000208.npz,train,37,52,42,53,10,12,0.012092861417135179,-1.9174709240658738,-0.974352081466067,10.744028527638838,10.744028527638838
sample_000209,samples/sample_000209.npz,train,12,19,17,32,5,11,0.0052492228175136805,-2.279904992032234,-1.7784916559667967,20.422745558303845,20.422745558303845
sample_000210,samples/sample_000210.npz,train,18,28,21,31,5,11,0.060699068171579516,-1.2168179759930684,-22.030703922825346,252.19584081430966,252.19584081430966
sample_000211,samples/sample_000211.npz,train,34,42,19,29,10,12,0.0005310867443433801,-3.2748345382162753,-0.022115020772774465,0.2903273462973873,0.2903273462973873
sample_000212,samples/sample_000212.npz,train,29,36,40,56,10,18,0.08713511717500537,-1.059806780449911,-10.524012725576164,143.30508608382993,143.30508608382993
sample_000213,samples/sample_000213.npz,train,27,41,13,28,15,19,0.009263745821257689,-2.0332133696291184,-0.5984391260014313,7.673640586473155,7.673640586473155
sample_000214,samples/sample_000214.npz,train,41,52,15,28,6,8,0.0019495589316695613,-2.7100636323343847,-0.3804912788686699,3.667493233113097,3.667493233113097
sample_000215,samples/sample_000215.npz,train,50,54,38,44,4,6,0.008293490641932423,-2.0812626410471093,-0.8099173221919495,10.432049310459227,10.432049310459227
sample_000216,samples/sample_000216.npz,train,21,31,36,47,16,23,0.0004055157580159704,-3.3919922647908987,-0.01769451975942153,0.25380101625085627,0.25380101625085627
sample_000217,samples/sample_000217.npz,train,37,41,29,36,15,20,0.02523447634192536,-1.5980057031820052,-0.27830078502751154,4.164112595660015,4.164112595660015
sample_000218,samples/sample_000218.npz,train,24,34,27,43,3,8,0.0035444062378597457,-2.450456507792333,-3.0873874754061608,24.48447593640529,24.48447593640529
sample_000219,samples/sample_000219.npz,train,27,40,33,41,8,10,0.029268738468758243,-1.5335959959763228,-2.627064762101079,28.91464587120185,28.91464587120185
sample_000220,samples/sample_000220.npz,train,8,23,45,56,12,16,0.00909309569636525,-2.041288238343632,-0.8033159529894919,9.831784884257356,9.831784884257356
sample_000221,samples/sample_000221.npz,train,13,19,33,43,3,5,0.00019206538331106418,-3.716550902664119,-0.05997974796437833,0.5722249974377145,0.5722249974377145
sample_000222,samples/sample_000222.npz,train,39,55,19,30,12,17,0.025725778190090292,-1.5896314792069122,-2.7681496057352737,33.80837185604802,33.80837185604802
sample_000223,samples/sample_000223.npz,train,44,52,39,50,10,13,0.00014863478234023047,-3.827879548510677,-0.00901596120297202,0.11862176570852753,0.11862176570852753
sample_000224,samples/sample_000224.npz,train,30,39,18,26,14,16,0.0019042945810258407,-2.7202658684420022,-0.03207103986846506,0.4445216096301069,0.4445216096301069
sample_000225,samples/sample_000225.npz,train,42,49,22,38,6,9,0.0012760438490088948,-2.8941344015902484,-0.24308476043351235,2.6277197611645806,2.6277197611645806
sample_000226,samples/sample_000226.npz,train,10,15,46,54,2,8,0.0017988935088389466,-2.7449945453217657,-0.9584201888631829,11.737012450769296,11.737012450769296
sample_000227,samples/sample_000227.npz,train,35,46,15,29,7,10,0.07816991934022377,-1.1069603361702174,-15.754690408221746,166.171499572014,166.171499572014
sample_000228,samples/sample_000228.npz,train,26,42,24,37,5,8,0.0007365127803014026,-3.1328197126825597,-0.3509927164555153,2.595404884931114,2.595404884931114
sample_000229,samples/sample_000229.npz,train,20,28,52,56,7,12,0.008308907362002915,-2.0804560830572956,-0.5752511454880703,8.006201030052722,8.006201030052722
sample_000230,samples/sample_000230.npz,train,28,39,43,48,12,20,0.09114733155038149,-1.0402560413250597,-4.15610738717978,59.975258719071476,59.975258719071476
sample_000231,samples/sample_000231.npz,train,10,17,10,23,11,19,0.001471570507842541,-2.8322189245712655,-0.12520133764207622,1.7873414065543887,1.7873414065543887
sample_000232,samples/sample_000232.npz,train,45,51,27,43,2,10,0.019084701843272184,-1.7193146205633556,-16.766107239354003,166.33354643168565,166.33354643168565
sample_000233,samples/sample_000233.npz,train,34,47,24,35,14,17,0.00043490966041722414,-3.3616009454749327,-0.019174822211078503,0.24940698895520985,0.24940698895520985
sample_000234,samples/sample_000234.npz,train,35,46,20,24,15,21,0.00028969011977115236,-3.538066316677637,-0.005595370524577347,0.08036720530828288,0.08036720530828288
sample_000235,samples/sample_000235.npz,train,11,23,32,47,6,13,0.011555430660751667,-1.937213864109347,-5.073830505558714,54.4531849387784,54.4531849387784
sample_000236,samples/sample_000236.npz,train,9,21,38,47,6,14,0.07719914850583996,-1.112387489835954,-24.164602922747754,296.30154925011936,296.30154925011936
sample_000237,samples/sample_000237.npz,train,20,34,43,53,11,14,0.0001538307733645808,-3.812956776592101,-0.01175129967237475,0.1421116161342792,0.1421116161342792
sample_000238,samples/sample_000238.npz,train,27,43,9,21,10,17,0.010198000985516768,-1.991484950399093,-2.035520244341175,24.24934936080431,24.24934936080431
sample_000239,samples/sample_000239.npz,train,20,26,37,51,2,5,0.00016199947746321915,-3.790486386291977,-0.11296133218980745,0.9022279851886953,0.9022279851886953
sample_000240,samples/sample_000240.npz,train,24,39,24,39,5,11,0.032640735405400495,-1.4862400650251164,-21.68824511978145,186.15536613490815,186.15536613490815
sample_000241,samples/sample_000241.npz,train,28,36,11,23,11,14,0.00017474136711667496,-3.7576042708395176,-0.00917646980382791,0.12188225211240138,0.12188225211240138
sample_000242,samples/sample_000242.npz,train,38,49,17,31,7,12,0.00011704446459900781,-3.9316491206341775,-0.03126376843455556,0.34925832775094845,0.34925832775094845
sample_000243,samples/sample_000243.npz,train,35,46,30,43,3,8,0.002249727085383943,-2.6478701630000385,-1.9509496752924176,15.612765516233424,15.612765516233424
sample_000244,samples/sample_000244.npz,train,14,20,40,52,11,15,0.05002387412081945,-1.3008226771768658,-2.4070197834736216,33.25322742202951,33.25322742202951
sample_000245,samples/sample_000245.npz,train,9,21,27,35,3,6,0.0007716195004436569,-3.112596805356743,-0.46681933887220867,3.5450930126360745,3.5450930126360745
sample_000246,samples/sample_000246.npz,train,19,31,39,51,15,19,0.00106693024101097,-2.971863975078244,-0.0491808380342491,0.6602579753488471,0.6602579753488471
sample_000247,samples/sample_000247.npz,train,20,24,28,40,4,8,0.05800018308648352,-1.2365706355176833,-12.53120918009115,147.10929023119579,147.10929023119579
sample_000248,samples/sample_000248.npz,train,14,18,25,40,9,12,0.0975457203725057,-1.010791779671579,-4.786694233388427,61.79681291007173,61.79681291007173
sample_000249,samples/sample_000249.npz,train,25,34,11,27,9,12,0.00015302856091048436,-3.815227505860595,-0.017112011088345258,0.20150024839806743,0.20150024839806743
sample_000250,samples/sample_000250.npz,train,20,25,42,52,4,6,0.00018769467431050877,-3.726548049969872,-0.03191611398866016,0.3555060062875479,0.3555060062875479
sample_000251,samples/sample_000251.npz,train,23,37,38,53,8,13,0.0010944105651369003,-2.9608197230449123,-0.2988933567572724,3.18670049005988,3.18670049005988
sample_000252,samples/sample_000252.npz,train,21,36,31,35,6,8,0.0006412175075332835,-3.192994628362036,-0.06493779399140745,0.6117278526001251,0.6117278526001251
sample_000253,samples/sample_000253.npz,train,11,24,31,44,11,17,0.00019818959724152616,-3.7029191449020478,-0.02689107414288453,0.33973266741205277,0.33973266741205277
sample_000254,samples/sample_000254.npz,train,35,48,49,56,10,17,0.0046279338167900435,-2.334612860439476,-0.47455056213871954,6.283940620367362,6.283940620367362
sample_000255,samples/sample_000255.npz,train,33,46,9,17,4,6,0.0015890564351653264,-2.798860678597746,-0.5423854212960505,4.205933529678646,4.205933529678646
sample_000256,samples/sample_000256.npz,train,45,49,35,44,11,17,0.0018831159722015275,-2.7251229330177265,-0.059279086375797055,0.8796449282266959,0.8796449282266959
sample_000257,samples/sample_000257.npz,train,29,36,21,30,16,24,0.022550793956098783,-1.646838163112737,-0.6156905203693476,9.218036237887912,9.218036237887912
sample_000258,samples/sample_000258.npz,train,29,41,30,44,14,19,0.011702770613514065,-1.93171130750904,-0.8389649729218034,11.091039000179515,11.091039000179515
sample_000259,samples/sample_000259.npz,train,36,40,38,48,7,10,0.008719795835410205,-2.0594936834840345,-0.5376792760176952,7.181208468938566,7.181208468938566
sample_000260,samples/sample_000260.npz,train,29,40,16,21,8,12,0.001659490936917564,-2.780025115088724,-0.1313836167372232,1.6669051811387496,1.6669051811387496
sample_000261,samples/sample_000261.npz,train,12,20,19,32,14,19,0.0025870943566362195,-2.5871877313842893,-0.11762818225355044,1.6434366729811694,1.6434366729811694
sample_000262,samples/sample_000262.npz,train,20,31,49,56,6,9,0.00010502481442502536,-3.9787080771716288,-0.01722402495836857,0.19128742923558625,0.19128742923558625
sample_000263,samples/sample_000263.npz,train,19,26,15,24,4,7,0.000598528229909388,-3.222915361039124,-0.16231495132013568,1.7854159878920444,1.7854159878920444
sample_000264,samples/sample_000264.npz,train,23,35,24,38,2,7,0.002741050605316135,-2.5620829464354467,-3.9440663678507764,24.238657964361487,24.238657964361487
sample_000265,samples/sample_000265.npz,train,24,37,17,30,3,6,0.0006161810184214276,-3.2102916843407323,-0.5109575833305292,3.1874896643428805,3.1874896643428805
sample_000266,samples/sample_000266.npz,train,24,36,46,53,8,13,0.0017776766490355323,-2.7501472322918716,-0.2311053021459069,2.8767014498731034,2.8767014498731034
sample_000267,samples/sample_000267.npz,train,18,28,16,30,7,15,0.005004896330058867,-2.3006049139388423,-1.4461829587585837,17.991664241945113,17.991664241945113
sample_000268,samples/sample_000268.npz,train,11,20,17,32,3,6,0.008630384177339818,-2.0639698714475756,-5.542128304396605,42.14929933798463,42.14929933798463
sample_000269,samples/sample_000269.npz,train,15,24,10,22,8,13,0.0007259403039772879,-3.1390990910343337,-0.1131341608846827,1.427960102719629,1.427960102719629
sample_000270,samples/sample_000270.npz,train,14,23,37,44,14,19,0.0081336059798125,-2.0897168701583757,-0.2356233751524591,3.373741258365895,3.373741258365895
sample_000271,samples/sample_000271.npz,train,32,41,36,51,16,19,0.008035732557815301,-2.094974525706495,-0.23481002450176747,3.19848876957437,3.19848876957437
sample_000272,samples/sample_000272.npz,train,21,30,21,30,7,15,0.0004674340446811228,-3.3302796597685616,-0.08677276660652422,1.1978579518824353,1.1978579518824353
sample_000273,samples/sample_000273.npz,train,32,45,18,26,3,5,0.0031918727556100247,-2.495954430177796,-1.6986454998807141,11.100950584790805,11.100950584790805
sample_000274,samples/sample_000274.npz,train,25,34,42,48,12,14,0.0203009777368763,-1.6924830450668589,-0.3853330438287738,5.284501915314672,5.284501915314672
sample_000275,samples/sample_000275.npz,train,33,40,50,56,9,13,0.00023435763250230556,-3.630120897916518,-0.011098372657489041,0.15611348059824828,0.15611348059824828
sample_000276,samples/sample_000276.npz,train,30,43,12,25,3,6,0.0011964184474612509,-2.9221168992441457,-0.9921095662679225,6.18904404502994,6.18904404502994
sample_000277,samples/sample_000277.npz,train,40,46,37,51,9,11,0.00273631424687459,-2.5628340283530022,-0.14165217214326054,1.7831116534710028,1.7831116534710028
sample_000278,samples/sample_000278.npz,train,47,54,15,29,10,13,0.022927649042950696,-1.6396404747082642,-1.4743901185993074,19.018981984966597,19.018981984966597
sample_000279,samples/sample_000279.npz,train,18,32,19,33,13,15,0.00035722095346710697,-3.447063074676414,-0.01788791740491646,0.2164187867551603,0.2164187867551603
sample_000280,samples/sample_000280.npz,train,27,41,26,35,12,18,0.0064568282313376656,-2.189980766819259,-0.5679950452461401,7.4216469007038945,7.4216469007038945
sample_000281,samples/sample_000281.npz,train,46,56,22,32,7,10,0.011219717228221038,-1.950018088513973,-1.6543953116272383,19.14905572128037,19.14905572128037
sample_000282,samples/sample_000282.npz,train,37,46,8,22,6,10,0.0005353824594333515,-3.2713358615691326,-0.13990451424342354,1.5282730124038906,1.5282730124038906
sample_000283,samples/sample_000283.npz,train,47,51,10,22,11,15,0.021273155842613776,-1.6721680783451696,-0.6866556007201255,9.66093790989732,9.66093790989732
sample_000284,samples/sample_000284.npz,train,11,15,43,53,13,17,0.0016152445444245543,-2.79176171713832,-0.03032144704739223,0.44016307756605716,0.44016307756605716
sample_000285,samples/sample_000285.npz,train,20,33,26,31,12,17,0.02512146915049025,-1.5999549658387573,-1.0732480820132764,14.32214189920145,14.32214189920145
sample_000286,samples/sample_000286.npz,train,29,42,12,28,6,11,0.0395921852902541,-1.4023905267068364,-17.15076534244796,163.26275173925762,163.26275173925762
sample_000287,samples/sample_000287.npz,train,14,27,27,41,5,7,0.0015220010133136085,-2.8175850584219755,-0.4870982344979634,3.8229486912345285,3.8229486912345285
sample_000288,samples/sample_000288.npz,train,8,16,40,44,10,16,0.0886817070046282,-1.0521659558873235,-3.149982992858398,46.042498214735765,46.042498214735765
sample_000289,samples/sample_000289.npz,train,21,36,37,43,11,16,0.013407719472602095,-1.872645085287147,-0.9473755552488421,11.91273951507345,11.91273951507345
sample_000290,samples/sample_000290.npz,train,17,24,13,22,3,11,0.07511817815377518,-1.1242549535874855,-37.60494805441093,476.48932303940046,476.48932303940046
sample_000291,samples/sample_000291.npz,train,10,18,35,41,6,14,0.0006578917403257268,-3.18184556603248,-0.0994440295150291,1.4484191654415917,1.4484191654415917
sample_000292,samples/sample_000292.npz,train,43,52,24,32,15,22,0.004874120879866924,-2.3121037043658625,-0.16519245278832204,2.4128012817194735,2.4128012817194735
sample_000293,samples/sample_000293.npz,train,26,39,34,43,14,22,0.009556051281758605,-2.0197215283104994,-0.6432639994282178,8.998567683528126,8.998567683528126
sample_000294,samples/sample_000294.npz,train,18,26,8,24,16,22,0.002616567037694186,-2.5822681339502274,-0.11694021184338238,1.6373160203524881,1.6373160203524881
sample_000295,samples/sample_000295.npz,train,24,35,12,25,13,20,0.0005700946628940582,-3.2440530247501385,-0.050199790949326174,0.6864737461443967,0.6864737461443967
sample_000296,samples/sample_000296.npz,train,36,43,13,23,10,18,0.014260628600891079,-1.8458613305934501,-1.1713472863270993,17.16135299305507,17.16135299305507
sample_000297,samples/sample_000297.npz,train,25,41,43,54,12,20,0.06731130686379432,-1.1719119774387265,-9.15571839862407,117.63978693977882,117.63978693977882
sample_000298,samples/sample_000298.npz,train,27,40,18,22,8,14,0.0056974242040420545,-2.2443214437667613,-0.5075714293910114,6.414290800067443,6.414290800067443
sample_000299,samples/sample_000299.npz,train,35,50,13,22,10,15,0.00045722613609452224,-3.339868952298616,-0.05752437763216538,0.689456897734774,0.689456897734774
sample_000300,samples/sample_000300.npz,train,39,54,31,40,8,15,0.00015606489215369486,-3.8066947834127074,-0.03521572743976628,0.4139803504673766,0.4139803504673766
sample_000301,samples/sample_000301.npz,train,37,52,24,30,4,12,0.0025389774231977073,-2.595341160892425,-1.2389994682191643,12.72065436119879,12.72065436119879
sample_000302,samples/sample_000302.npz,train,21,31,8,13,8,12,0.015919693550006806,-1.7980652965746051,-1.153238274298099,15.062260952998397,15.062260952998397
sample_000303,samples/sample_000303.npz,train,29,33,16,31,3,9,0.0002651299004487821,-3.5765412912497467,-0.10355176976047005,1.150911116543944,1.150911116543944
sample_000304,samples/sample_000304.npz,train,11,22,34,41,14,16,0.0012431699047916287,-2.9054695120093212,-0.022433918804090028,0.30369512750399863,0.30369512750399863
sample_000305,samples/sample_000305.npz,train,8,19,17,29,12,19,0.0002879344006711451,-3.5407064451283627,-0.028044311768623063,0.3816966367570654,0.3816966367570654
sample_000306,samples/sample_000306.npz,train,47,52,42,49,13,20,0.0005163233271710686,-3.28707825335135,-0.01193852716711895,0.18049231888299272,0.18049231888299272
sample_000307,samples/sample_000307.npz,train,18,28,14,23,9,17,0.0007732122957413401,-3.1117012483706494,-0.100237039523202,1.3980597269797084,1.3980597269797084
sample_000308,samples/sample_000308.npz,train,43,55,16,27,3,7,0.017772569680835043,-1.75024977435994,-14.287520914243224,107.25997535604223,107.25997535604223
sample_000309,samples/sample_000309.npz,train,44,48,9,19,12,16,0.0017415266128244992,-2.7590698845623236,-0.03945121266697511,0.5698395915196983,0.5698395915196983
sample_000310,samples/sample_000310.npz,train,20,25,21,33,10,17,0.008604407321394896,-2.0652790388648805,-0.5656814621377793,8.164721705058783,8.164721705058783
sample_000311,samples/sample_000311.npz,train,17,27,11,25,16,24,0.02078321843649592,-1.6822871978289378,-1.2083811249591223,17.205040657578568,17.205040657578568
sample_000312,samples/sample_000312.npz,train,10,25,27,37,9,16,0.0019210701067178654,-2.716456785890442,-0.38058177169658547,4.587985935575592,4.587985935575592
sample_000313,samples/sample_000313.npz,train,18,33,22,29,14,21,0.0006515609242086493,-3.1860449693442354,-0.037163630691802715,0.5035553214101588,0.5035553214101588
sample_000314,samples/sample_000314.npz,train,24,38,29,45,5,7,0.018624273296971534,-1.729920664043962,-6.707717697644471,48.642561727576094,48.642561727576094
sample_000315,samples/sample_000315.npz,train,26,39,10,16,2,5,0.001424132787431663,-2.8464495148001414,-1.251641272023588,7.9774467921210555,7.9774467921210555
sample_000316,samples/sample_000316.npz,train,45,50,33,37,3,7,0.000214651166026075,-3.6682667480076745,-0.03970466984326541,0.54111093171036,0.54111093171036
sample_000317,samples/sample_000317.npz,train,8,16,24,35,6,12,0.00720598011648853,-2.1423069405636066,-1.6980830654345718,21.46490517789711,21.46490517789711
sample_000318,samples/sample_000318.npz,train,23,29,10,22,8,11,0.0987741208005233,-1.0053568273329812,-7.8647283001733115,101.06982969907622,101.06982969907622
sample_000319,samples/sample_000319.npz,train,48,52,38,44,14,21,0.0015151667480870932,-2.8195395692811065,-0.020448672447796638,0.3133402161255323,0.3133402161255323
sample_000320,samples/sample_000320.npz,train,18,23,17,27,7,15,0.004981223385859833,-2.302663981642265,-0.5728632023324355,8.47816768648512,8.47816768648512
sample_000321,samples/sample_000321.npz,train,30,42,39,50,10,18,0.09103199967024903,-1.0408059171587758,-13.632992141687499,181.81945418327084,181.81945418327084
sample_000322,samples/sample_000322.npz,train,30,42,11,26,3,11,0.00373447351639456,-2.427770616081858,-4.023188434062766,33.82897201414392,33.82897201414392
sample_000323,samples/sample_000323.npz,train,33,39,23,36,15,19,0.03276181478735066,-1.4846320492100742,-0.8234545583802534,11.673482779349861,11.673482779349861
sample_000324,samples/sample_000324.npz,train,15,31,14,29,13,20,0.0014086218129166605,-2.8512055907158076,-0.19916203733015633,2.486610939688696,2.486610939688696
sample_000325,samples/sample_000325.npz,train,25,34,46,50,14,19,0.0002677814119231386,-3.572219572878107,-0.004505250067709432,0.065241000831718,0.065241000831718
sample_000326,samples/sample_000326.npz,train,40,53,27,31,16,18,0.06411858589767518,-1.193016064352963,-0.5586357881868333,7.6063886342615,7.6063886342615
sample_000327,samples/sample_000327.npz,train,33,47,43,53,10,14,0.0013011117844230209,-2.885685389623995,-0.1483915558241576,1.7750273769406453,1.7750273769406453
sample_000328,samples/sample_000328.npz,train,11,25,44,50,4,12,0.00041308336412444144,-3.3839622947702943,-0.19049182507068432,2.041092060657639,2.041092060657639
sample_000329,samples/sample_000329.npz,train,20,24,49,54,12,16,0.012027564338221448,-1.9198223112776271,-0.14260801586711228,2.1270576894536495,2.1270576894536495
sample_000330,samples/sample_000330.npz,train,26,38,8,18,14,21,0.00024839482496509974,-3.6048574564524327,-0.016015357078058956,0.22286419657730458,0.22286419657730458
sample_000331,samples/sample_000331.npz,train,18,28,48,54,8,12,0.0010157431581443303,-2.9932160943179875,-0.08702591092990616,1.1228053649854273,1.1228053649854273
sample_000332,samples/sample_000332.npz,train,14,18,16,24,7,11,0.0006886825155780745,-3.161980942837755,-0.04156544966116177,0.5856540727001,0.5856540727001
sample_000333,samples/sample_000333.npz,train,10,15,29,34,14,18,0.0003315603421742096,-3.479437420838571,-0.003373603473120902,0.04997708758636882,0.04997708758636882
sample_000334,samples/sample_000334.npz,train,9,21,13,24,10,16,0.0004469952895440947,-3.3496970534581885,-0.059619826389495666,0.7655886487840468,0.7655886487840468
sample_000335,samples/sample_000335.npz,train,33,41,30,39,16,20,0.021055702332047285,-1.6766302677157916,-0.4306006236925876,6.186247423775332,6.186247423775332
sample_000336,samples/sample_000336.npz,train,8,17,11,21,9,15,0.0023054800170520524,-2.637238637713338,-0.2675181877069794,3.6157955908124713,3.6157955908124713
sample_000337,samples/sample_000337.npz,train,35,42,34,43,6,14,0.022217326760692473,-1.6533081975518895,-4.211446602765233,60.1977887086143,60.1977887086143
sample_000338,samples/sample_000338.npz,train,18,24,29,38,11,15,0.014633572176053463,-1.8346496460564325,-0.5499827098354783,7.808653304192055,7.808653304192055
sample_000339,samples/sample_000339.npz,train,20,24,37,45,8,11,0.0005668528616142639,-3.246529656595184,-0.02202428558857815,0.30811534357823045,0.30811534357823045
sample_000340,samples/sample_000340.npz,train,35,51,46,56,12,15,0.002279507048381052,-2.64215906059373,-0.1612022383964315,1.9177075627330527,1.9177075627330527
sample_000341,samples/sample_000341.npz,train,30,46,35,42,6,10,0.005530893300615839,-2.2572047196542724,-1.4458473181568008,13.813753042633888,13.813753042633888
sample_000342,samples/sample_000342.npz,train,20,35,23,31,9,12,0.0006051694945987827,-3.218122972025788,-0.06347319844949728,0.7079624093646185,0.7079624093646185
sample_000343,samples/sample_000343.npz,train,45,54,35,49,7,15,0.011160942642416022,-1.952299123757661,-2.9224710666135385,37.22475973209014,37.22475973209014
sample_000344,samples/sample_000344.npz,train,27,31,16,29,5,8,0.04475659257143391,-1.3491429847834047,-6.189463028070089,72.02289562518258,72.02289562518258
sample_000345,samples/sample_000345.npz,train,12,26,14,18,15,21,0.0014506316985629438,-2.838442836759451,-0.035318394770723245,0.48851120498962525,0.48851120498962525
sample_000346,samples/sample_000346.npz,train,35,41,16,25,11,14,0.0002481586667077012,-3.6052705528760685,-0.00772394790405526,0.10822374674581269,0.10822374674581269
sample_000347,samples/sample_000347.npz,train,24,32,21,33,12,19,0.048654594859837176,-1.3128761394029773,-3.4842425089123394,49.42920678265679,49.42920678265679
sample_000348,samples/sample_000348.npz,train,38,48,29,37,5,8,0.00012337322227588625,-3.9087790921649437,-0.028960618334235882,0.30736008881188315,0.30736008881188315
sample_000349,samples/sample_000349.npz,train,44,55,20,31,2,4,0.002487710533673413,-2.6042001549064504,-2.226130425498252,11.930765552430131,11.930765552430131
sample_000350,samples/sample_000350.npz,train,12,16,37,46,9,11,0.0019264831170422722,-2.7152347926242517,-0.04788121781155949,0.6633441738137568,0.6633441738137568
sample_000351,samples/sample_000351.npz,train,33,49,33,38,2,8,0.0021227893543965307,-2.67309309898614,-2.075295657737218,14.922208866000586,14.922208866000586
sample_000352,samples/sample_000352.npz,train,30,39,23,34,7,15,0.0033950484373874105,-2.469154025230311,-0.7423643574924702,9.926620422810858,9.926620422810858
sample_000353,samples/sample_000353.npz,train,10,14,46,53,7,9,0.0012449303800144366,-2.9048549348501513,-0.04423941802855484,0.6085622782026417,0.6085622782026417
sample_000354,samples/sample_000354.npz,train,25,38,14,25,6,14,0.0004800633875096771,-3.3187014146491176,-0.18879273258411192,2.1577332933223192,2.1577332933223192
sample_000355,samples/sample_000355.npz,train,21,34,27,41,3,5,0.002935156908009807,-2.532368677223399,-1.9947203721454807,11.203083841790637,11.203083841790637
sample_000356,samples/sample_000356.npz,train,27,39,35,46,5,7,0.0010433939105209354,-2.9815517022454943,-0.2767597179733946,2.414032567290818,2.414032567290818
sample_000357,samples/sample_000357.npz,train,38,52,13,19,2,8,0.00511400486736247,-2.291238862960513,-5.240607747324272,40.269146470929435,40.269146470929435
sample_000358,samples/sample_000358.npz,train,10,19,39,48,4,8,0.00022717785957918497,-3.643633996601539,-0.08660093395686141,0.909331207778527,0.909331207778527
sample_000359,samples/sample_000359.npz,train,30,36,21,26,14,21,0.02566160165560679,-1.5907162408494755,-0.43403587151391554,6.5830774596867005,6.5830774596867005
sample_000360,samples/sample_000360.npz,train,12,25,20,25,11,18,0.00013541135380501515,-3.8683449199334365,-0.008267418268674206,0.11241735406954374,0.11241735406954374
sample_000361,samples/sample_000361.npz,train,22,37,18,26,7,15,0.0009583537346674102,-3.018474160380095,-0.25613993791596645,3.0151224539027246,3.0151224539027246
sample_000362,samples/sample_000362.npz,train,16,24,34,49,5,12,0.0013033936450951565,-2.8849244008076855,-0.520138582806204,5.9619835629013425,5.9619835629013425
sample_000363,samples/sample_000363.npz,train,24,28,30,35,15,17,0.020485165488731825,-1.6885605232630603,-0.08283999534298694,1.223389001510601,1.223389001510601
sample_000364,samples/sample_000364.npz,train,26,36,47,55,2,6,0.0008783952307659222,-3.0563100308831292,-0.8181088782341466,6.248108472480503,6.248108472480503
sample_000365,samples/sample_000365.npz,train,41,56,52,56,5,8,0.018180569734498032,-1.7403925111761174,-3.339060848586344,30.452795305068236,30.452795305068236
sample_000366,samples/sample_000366.npz,train,23,38,48,54,5,12,0.034259508831391144,-1.4652188676794866,-11.999738684014611,126.67144285527601,126.67144285527601
sample_000367,samples/sample_000367.npz,train,29,33,45,53,7,9,0.000208118686510214,-3.681688923709915,-0.008263876722574698,0.11171604465228567,0.11171604465228567
sample_000368,samples/sample_000368.npz,train,25,30,12,24,8,10,0.00036896149240348713,-3.4330189577145136,-0.01857025608583914,0.23850582971446802,0.23850582971446802
sample_000369,samples/sample_000369.npz,train,33,45,12,27,12,18,0.00750864384110796,-2.1244384951540516,-0.88512086866011,11.403875038766683,11.403875038766683
sample_000370,samples/sample_000370.npz,train,8,18,23,37,4,11,0.0005153126578255614,-3.2879291896633607,-0.325444668100246,3.2953233479955766,3.2953233479955766
sample_000371,samples/sample_000371.npz,train,10,16,10,26,3,5,0.0003307624705223806,-3.4804837729092917,-0.12228273427216507,1.021486152451786,1.021486152451786
sample_000372,samples/sample_000372.npz,train,34,43,24,35,7,9,0.02746402979178348,-1.56123573847831,-3.0002988939933006,34.312919167563884,34.312919167563884
sample_000373,samples/sample_000373.npz,train,44,49,14,18,14,21,0.014428026640557803,-1.840793064452055,-0.1635352876831327,2.5026532154612595,2.5026532154612595
sample_000374,samples/sample_000374.npz,train,35,50,33,39,10,13,0.04288921219102959,-1.3676519310104238,-2.7409550057519514,32.23179109155406,32.23179109155406
sample_000375,samples/sample_000375.npz,train,35,41,8,24,10,17,0.005283977273852322,-2.2770390589344514,-0.5212955738101582,7.079757522203301,7.079757522203301
sample_000376,samples/sample_000376.npz,train,30,43,26,41,3,10,0.01788933379832848,-1.7474058323279325,-20.33010055168954,155.5579692353556,155.5579692353556
sample_000377,samples/sample_000377.npz,train,19,28,38,47,7,13,0.001962407487026674,-2.7072108078672192,-0.33733981579590133,4.425955898182767,4.425955898182767
sample_000378,samples/sample_000378.npz,train,14,26,13,22,8,13,0.03612598281437762,-1.4421803290089632,-5.8455119058158935,71.11783577495964,71.11783577495964
sample_000379,samples/sample_000379.npz,train,26,42,39,50,3,5,0.07064775656188227,-1.1509016247321195,-51.225758638467326,264.7365774572614,264.7365774572614
sample_000380,samples/sample_000380.npz,train,25,36,41,45,13,19,0.004628081875605296,-2.33459896652905,-0.12476415423552807,1.7715391381842416,1.7715391381842416
sample_000381,samples/sample_000381.npz,train,39,49,35,50,4,8,0.00021105111626341586,-3.6756123464910475,-0.11642758007297352,1.016068129741449,1.016068129741449
sample_000382,samples/sample_000382.npz,train,21,26,39,54,11,17,0.0037168878915248356,-2.429820537862142,-0.22467552628083792,3.109670275136376,3.109670275136376
sample_000383,samples/sample_000383.npz,train,10,19,15,27,12,15,0.0006272742630136684,-3.202542531146622,-0.03020605010209704,0.40090037302161385,0.40090037302161385
sample_000384,samples/sample_000384.npz,train,26,38,37,50,11,13,0.006005408373369725,-2.221457454827143,-0.3627263307567041,4.369570803084307,4.369570803084307
sample_000385,samples/sample_000385.npz,train,11,25,14,28,8,12,0.04624313660713564,-1.3349527160025052,-10.705578993291866,112.46517932440288,112.46517932440288
sample_000386,samples/sample_000386.npz,train,17,30,9,25,12,20,0.026263346652571927,-1.5806499339914821,-4.032038737501055,52.15084509194742,52.15084509194742
sample_000387,samples/sample_000387.npz,train,40,49,22,26,6,14,0.004030772329760139,-2.394611731423039,-0.46552605555261806,6.7621400569098675,6.7621400569098675
sample_000388,samples/sample_000388.npz,train,21,29,37,52,15,21,0.0035104791191246766,-2.4546336058726905,-0.1720422099423551,2.409393431828034,2.409393431828034
sample_000389,samples/sample_000389.npz,train,10,23,16,26,9,17,0.001988974337189833,-2.7013708203389863,-0.36152456265717714,4.670198981666012,4.670198981666012
sample_000390,samples/sample_000390.npz,train,30,44,17,25,5,12,0.03145637961629467,-1.502291262740786,-13.327803466048818,140.5537353986705,140.5537353986705
sample_000391,samples/sample_000391.npz,train,10,22,31,37,12,16,0.00014926963056413213,-3.8260285420407327,-0.006162071156533316,0.08248834271415115,0.08248834271415115
sample_000392,samples/sample_000392.npz,train,15,20,31,40,10,14,0.0919240135093426,-1.0365710221036233,-3.5809716840287353,50.999983964167505,50.999983964167505
sample_000393,samples/sample_000393.npz,train,34,42,29,44,3,11,0.03083431854244562,-1.51096564530889,-23.361796043483626,238.8881759386747,238.8881759386747
sample_000394,samples/sample_000394.npz,train,15,24,37,49,8,10,0.0013599345971383279,-2.8664819775010533,-0.11954720173290005,1.4098911249791266,1.4098911249791266
sample_000395,samples/sample_000395.npz,train,18,27,15,30,2,10,0.02961134422543812,-1.5285418770943462,-36.185260608564576,307.71999869725926,307.71999869725926
sample_000396,samples/sample_000396.npz,train,13,28,35,46,5,12,0.0055129759989099685,-2.258613898245137,-3.138297774404185,30.241786899898983,30.241786899898983
sample_000397,samples/sample_000397.npz,train,46,51,31,41,13,17,0.06756366116062436,-1.1702868247793083,-1.5818912283140096,22.76904119878406,22.76904119878406
sample_000398,samples/sample_000398.npz,train,49,55,43,56,2,7,0.008084444997598493,-2.0923497893325727,-6.378424782938539,58.5650859963994,58.5650859963994
sample_000399,samples/sample_000399.npz,train,30,43,47,56,11,16,0.0017731128207449064,-2.751263629955707,-0.1595105366248779,2.04686920914542,2.04686920914542
sample_000400,samples/sample_000400.npz,train,21,25,40,48,15,21,0.015828682650691765,-1.800555227989319,-0.22116214842046145,3.3205690545525726,3.3205690545525726
sample_000401,samples/sample_000401.npz,train,46,56,32,36,4,12,0.001370483379514251,-2.8631262269825757,-0.32955764433015644,4.382610160574718,4.382610160574718
sample_000402,samples/sample_000402.npz,train,39,44,40,49,7,11,0.0007512522451807492,-3.124214217061546,-0.06216534959995872,0.8539198849963309,0.8539198849963309
sample_000403,samples/sample_000403.npz,train,17,29,9,17,15,18,0.00011447686860258923,-3.9412822587662393,-0.002952269621623792,0.040142424130739,0.040142424130739
sample_000404,samples/sample_000404.npz,train,18,31,36,45,13,16,0.005127631957840745,-2.290083154397009,-0.22572938998000242,2.921814137598756,2.921814137598756
sample_000405,samples/sample_000405.npz,train,25,38,46,54,9,13,0.00294885006055314,-2.5303473093505007,-0.32494370085108615,3.9186208259521855,3.9186208259521855
sample_000406,samples/sample_000406.npz,train,36,41,16,32,5,10,0.00010910171894057345,-3.9621684068770584,-0.026298557646874287,0.30218467839644614,0.30218467839644614
sample_000407,samples/sample_000407.npz,train,15,29,31,36,10,12,0.0002881546212765594,-3.5403744110338122,-0.010838340570972714,0.12935358001550698,0.12935358001550698
sample_000408,samples/sample_000408.npz,train,39,55,22,28,10,18,0.024114831144241834,-1.617715774728238,-2.7136631276245344,34.650232389059184,34.650232389059184
sample_000409,samples/sample_000409.npz,train,12,20,39,54,2,10,0.00010915357418204482,-3.9619620389550683,-0.12049694077252492,1.090209640054297,1.090209640054297
sample_000410,samples/sample_000410.npz,train,35,47,17,27,8,12,0.00023858020634529112,-3.6223655901359164,-0.037530360989511666,0.4407887718496801,0.4407887718496801
sample_000411,samples/sample_000411.npz,train,25,37,9,13,2,6,0.00044750998191655096,-3.3491972731013018,-0.29401919444204744,2.319279616010712,2.319279616010712
sample_000412,samples/sample_000412.npz,train,26,36,24,33,14,16,0.00010190273381618059,-3.9918141647143233,-0.0021192558085678407,0.028856229796831622,0.028856229796831622
sample_000413,samples/sample_000413.npz,train,46,55,28,42,9,14,0.04181012000899394,-1.3787185858777353,-5.807361562560483,73.25111508467072,73.25111508467072
sample_000414,samples/sample_000414.npz,train,30,42,32,47,12,20,0.00029206791546021633,-3.5345161489624584,-0.03948924915312305,0.5242314666466034,0.5242314666466034
sample_000415,samples/sample_000415.npz,train,11,21,16,24,12,20,0.0007884958024952995,-3.1032006142665702,-0.05145801365707906,0.7444214528249806,0.7444214528249806
sample_000416,samples/sample_000416.npz,train,46,54,34,43,11,19,0.02211254945972129,-1.6553611826832375,-1.5523479711132542,22.755619821930395,22.755619821930395
sample_000417,samples/sample_000417.npz,train,29,44,29,36,11,16,0.00011028976024435086,-3.957464807376765,-0.00900642713651124,0.11235909398083894,0.11235909398083894
sample_000418,samples/sample_000418.npz,train,24,37,29,45,13,21,0.0022570505873878354,-2.6464587069491836,-0.29486670577317764,3.879309971634379,3.879309971634379
sample_000419,samples/sample_000419.npz,train,43,51,8,17,10,13,0.0006659237312930067,-3.176575508029881,-0.03415119762586562,0.4590092336159569,0.4590092336159569
sample_000420,samples/sample_000420.npz,train,23,36,28,44,8,14,0.00047338360369386683,-3.3247867885459215,-0.13743832069744572,1.5172369352065629,1.5172369352065629
sample_000421,samples/sample_000421.npz,train,33,47,18,25,5,8,0.047902974757763415,-1.3196375162145202,-13.538415209251248,122.82578022923235,122.82578022923235
sample_000422,samples/sample_000422.npz,train,14,20,30,40,2,6,0.0006883869731003575,-3.162167356770046,-0.4689923868642462,4.397822286246629,4.397822286246629
sample_000423,samples/sample_000423.npz,train,10,25,32,46,12,18,0.001577108943229931,-2.802138305523724,-0.21673546237517222,2.671623631039693,2.671623631039693
sample_000424,samples/sample_000424.npz,train,31,43,30,44,16,19,0.015847041943672428,-1.8000517925902493,-0.577172406629353,7.672322362816181,7.672322362816181
sample_000425,samples/sample_000425.npz,train,20,25,28,44,7,15,0.015188498583407163,-1.8184851549830912,-2.480785787798073,32.986049845981846,32.986049845981846
sample_000426,samples/sample_000426.npz,train,40,55,23,35,11,17,0.05385300465856254,-1.2687900607925502,-7.811288902195467,95.75335319777273,95.75335319777273
sample_000427,samples/sample_000427.npz,train,27,38,12,21,15,21,0.00017326524824099983,-3.761288534866105,-0.007331592931181305,0.1034858592831791,0.1034858592831791
sample_000428,samples/sample_000428.npz,train,32,47,11,24,10,14,0.00015710885532125798,-3.8037993355916466,-0.02356672924011579,0.2666859040327212,0.2666859040327212
sample_000429,samples/sample_000429.npz,train,28,44,19,33,4,9,0.058750180709120275,-1.2309907932119186,-50.49542052741629,359.280272400927,359.280272400927
sample_000430,samples/sample_000430.npz,train,19,27,22,28,7,13,0.0024901401502760217,-2.603776209218065,-0.2688099503274226,3.7525232745554713,3.7525232745554713
sample_000431,samples/sample_000431.npz,train,44,54,44,53,13,15,0.05079641151114752,-1.2941669671639957,-1.271236917178543,17.087310640831184,17.087310640831184
sample_000432,samples/sample_000432.npz,train,34,42,46,53,4,6,0.015118050828691571,-1.8205041988422042,-3.1372965829906447,32.535636596457685,32.535636596457685
sample_000433,samples/sample_000433.npz,train,15,31,33,43,14,16,0.006958651298631087,-2.1574749256654435,-0.24791304316093168,3.04877934210937,3.04877934210937
sample_000434,samples/sample_000434.npz,train,25,35,18,30,5,10,0.0029568334077680835,-2.529173143558145,-1.1459732738234605,12.182918425047351,12.182918425047351
sample_000435,samples/sample_000435.npz,train,19,35,44,50,7,11,0.0016947848012342603,-2.770885439390006,-0.2899533437311066,2.9707789000647358,2.9707789000647358
sample_000436,samples/sample_000436.npz,train,32,47,25,34,15,19,0.0002644738041286717,-3.5776173379417426,-0.01160929098085358,0.15222409291674843,0.15222409291674843
sample_000437,samples/sample_000437.npz,train,30,38,23,39,8,12,0.014179965342019879,-1.848324830633059,-2.14566190949122,25.477372214572338,25.477372214572338
sample_000438,samples/sample_000438.npz,train,47,55,22,37,12,16,0.009332954680703739,-2.0299808430292443,-0.5858289779543954,7.764288028945937,7.764288028945937
sample_000439,samples/sample_000439.npz,train,39,54,36,42,4,8,0.0018388945297471626,-2.7354431791155767,-0.7954469528927189,6.687315820392277,6.687315820392277
sample_000440,samples/sample_000440.npz,train,18,27,38,50,6,13,0.0012581345264507274,-2.9002729193266785,-0.36778159025957124,4.560029057913101,4.560029057913101
sample_000441,samples/sample_000441.npz,train,28,43,29,36,13,16,0.007463805857102409,-2.127039665655673,-0.2976736646664418,3.7566485645794816,3.7566485645794816
sample_000442,samples/sample_000442.npz,train,32,45,19,23,5,7,0.04614248892983567,-1.3358989833012656,-6.020198492907083,56.73135540867125,56.73135540867125
sample_000443,samples/sample_000443.npz,train,36,48,39,48,7,13,0.0023766815594381562,-2.6240290034814517,-0.5313536152538412,6.410336596341404,6.410336596341404
sample_000444,samples/sample_000444.npz,train,15,25,33,39,9,13,0.0005527346021378387,-3.257483346984823,-0.03682135043878441,0.4867024972820242,0.4867024972820242
sample_000445,samples/sample_000445.npz,train,16,20,40,47,8,14,0.00928043516824338,-2.0324316588311655,-0.4519370893927551,6.812175807378367,6.812175807378367
sample_000446,samples/sample_000446.npz,train,27,43,8,17,12,17,0.0011925117938323714,-2.9235373171339774,-0.10746854337193089,1.329592660947224,1.329592660947224
sample_000447,samples/sample_000447.npz,train,8,19,37,45,7,11,0.0019407447684318987,-2.7120315758687683,-0.3067995663847853,3.6328968482123005,3.6328968482123005
sample_000448,samples/sample_000448.npz,train,36,50,8,20,11,14,0.01166016909895939,-1.9332951512740508,-1.0374238301796999,12.30954485537854,12.30954485537854
sample_000449,samples/sample_000449.npz,train,11,19,23,33,13,18,0.09316367317624157,-1.0307533968148528,-3.9862039771784095,56.474120561392496,56.474120561392496
sample_000450,samples/sample_000450.npz,train,23,32,38,48,5,10,0.02628335875988198,-1.5803191369176033,-8.211893150246183,94.40724406939339,94.40724406939339
sample_000451,samples/sample_000451.npz,train,34,41,44,53,11,18,0.011372820863541215,-1.9441318014929836,-0.6660549701483722,9.71147828726869,9.71147828726869
sample_000452,samples/sample_000452.npz,train,18,31,35,45,10,14,0.002674671104776685,-2.5727296140772813,-0.2851684431282106,3.4823560059016705,3.4823560059016705
sample_000453,samples/sample_000453.npz,train,25,39,33,45,11,17,0.003045412665091514,-2.516353850476362,-0.4145994882467913,5.189062903691408,5.189062903691408
sample_000454,samples/sample_000454.npz,train,37,43,45,56,3,9,0.012169239924799985,-1.9147365464021195,-5.943113458977895,67.59548575766867,67.59548575766867
sample_000455,samples/sample_000455.npz,train,37,48,8,15,2,9,0.0002164222570784965,-3.664698077995596,-0.20519315458258894,1.8887927755924985,1.8887927755924985
sample_000456,samples/sample_000456.npz,train,22,35,29,42,15,20,0.00020434858097549637,-3.6896283737422158,-0.012670994166952996,0.16888262184829272,0.16888262184829272
sample_000457,samples/sample_000457.npz,train,42,51,19,34,10,13,0.00010507329897385984,-3.978507632036263,-0.009028577263509144,0.11124102343148447,0.11124102343148447
sample_000458,samples/sample_000458.npz,train,46,54,39,49,15,18,0.0008760891232597667,-3.057451711444796,-0.018747604499780413,0.2642282685972736,0.2642282685972736
sample_000459,samples/sample_000459.npz,train,19,30,13,21,16,22,0.008729433937526692,-2.059013917322965,-0.28412367989623694,4.045499208161723,4.045499208161723
sample_000460,samples/sample_000460.npz,train,35,48,23,38,11,13,0.00014869377557181492,-3.8277072109763153,-0.010743537004282067,0.12398814955863538,0.12398814955863538
sample_000461,samples/sample_000461.npz,train,18,28,44,52,8,16,0.0029077396024853185,-2.536444488551421,-0.42310421228031236,5.884854363036249,5.884854363036249
sample_000462,samples/sample_000462.npz,train,22,26,41,56,9,17,0.024651182304419837,-1.608162246529877,-1.9931353740776439,28.14346341680611,28.14346341680611
sample_000463,samples/sample_000463.npz,train,34,47,27,40,16,19,0.039074083536902275,-1.4081111993493076,-1.441314568968931,19.054770577290224,19.054770577290224
sample_000464,samples/sample_000464.npz,train,14,25,10,19,14,19,0.00011028011012515512,-3.9575028088817943,-0.004916269819399306,0.06806803820519207,0.06806803820519207
sample_000465,samples/sample_000465.npz,train,14,24,15,30,6,8,0.03983219177059297,-1.3997657958330731,-7.713827685319584,74.71008708928085,74.71008708928085
sample_000466,samples/sample_000466.npz,train,36,51,26,41,12,16,0.052256459424326676,-1.2818600187297693,-5.9385359221649585,70.35483276406833,70.35483276406833
sample_000467,samples/sample_000467.npz,train,42,54,31,39,3,8,0.013279868281433963,-1.8768062325681587,-9.475622426922394,81.43629759304667,81.43629759304667
sample_000468,samples/sample_000468.npz,train,21,26,24,36,12,20,0.019334468825066276,-1.7136677547784736,-0.9230279478465363,13.629653286465853,13.629653286465853
sample_000469,samples/sample_000469.npz,train,23,35,25,39,14,22,0.0002958062695750192,-3.5289926254270934,-0.027440898311079303,0.37657604206804557,0.37657604206804557
sample_000470,samples/sample_000470.npz,train,31,36,12,23,3,10,0.007980173206882912,-2.0979876823363472,-3.3246510382045784,41.75737526640888,41.75737526640888
sample_000471,samples/sample_000471.npz,train,37,45,30,46,5,8,0.006575876149991636,-2.18204637489041,-1.910693752366334,18.73670226883792,18.73670226883792
sample_000472,samples/sample_000472.npz,train,36,41,35,41,16,19,0.00010523721620556724,-3.977830648637942,-0.0007423299028732069,0.010932230271592788,0.010932230271592788
sample_000473,samples/sample_000473.npz,train,37,52,17,32,8,12,0.0015116538824590075,-2.8205476361797683,-0.3888827747616713,3.912385292525217,3.912385292525217
sample_000474,samples/sample_000474.npz,train,41,56,33,39,10,17,0.04610875960474855,-1.3362165608007377,-4.663361740807297,59.658678838001414,59.658678838001414
sample_000475,samples/sample_000475.npz,train,31,35,34,39,4,11,0.0024757304888383008,-2.6062966349269843,-0.30945005930666075,4.891744579113289,4.891744579113289
sample_000476,samples/sample_000476.npz,train,17,27,24,35,7,9,0.03620080875872755,-1.4412817268279108,-4.3457013651704655,48.21241582891055,48.21241582891055
sample_000477,samples/sample_000477.npz,train,10,24,39,48,6,10,0.029921043747494318,-1.5240232608787334,-8.578140700832959,85.54099401257112,85.54099401257112
sample_000478,samples/sample_000478.npz,train,36,49,26,32,11,16,0.0024765037679669428,-2.60616100690785,-0.1532293621704763,2.008855731754526,2.008855731754526
sample_000479,samples/sample_000479.npz,train,28,34,10,24,12,19,0.00010764790905646992,-3.9679944014564374,-0.006619584265283568,0.09403552757534016,0.09403552757534016
sample_000480,samples/sample_000480.npz,train,45,55,8,22,3,10,0.0006551123073123314,-3.183684241588324,-0.5780593247330441,5.262619921902168,5.262619921902168
sample_000481,samples/sample_000481.npz,train,28,36,35,45,13,15,0.00040756251883700064,-3.389805762375948,-0.00903078922042364,0.1241362117880242,0.1241362117880242
sample_000482,samples/sample_000482.npz,train,34,43,50,56,5,12,0.002999332859907015,-2.5229753344408326,-0.6729950443746764,8.985581121089595,8.985581121089595
sample_000483,samples/sample_000483.npz,train,21,31,29,43,16,21,0.00013572281570617065,-3.8673471390581025,-0.005998110212594331,0.08293151326101672,0.08293151326101672
sample_000484,samples/sample_000484.npz,train,16,23,18,28,9,16,0.0033256595103870797,-2.4781222170315855,-0.32122016474178694,4.590812286939786,4.590812286939786
sample_000485,samples/sample_000485.npz,train,34,50,37,53,10,14,0.06912860136374527,-1.1603422298404418,-12.756604136558728,136.5260514416453,136.5260514416453
sample_000486,samples/sample_000486.npz,train,18,34,27,41,12,15,0.0029390843137977285,-2.531787955100617,-0.2744509304610909,3.157629080664518,3.157629080664518
sample_000487,samples/sample_000487.npz,train,34,45,26,35,4,8,0.013258315602098211,-1.8775116472118079,-6.010803664502168,57.150035160736,57.150035160736
sample_000488,samples/sample_000488.npz,train,28,41,9,13,3,8,0.0002634007055105522,-3.5793830661284893,-0.11520544593269832,1.0563350245750542,1.0563350245750542
sample_000489,samples/sample_000489.npz,train,49,56,24,32,3,10,0.029226071504030407,-1.5342295575054825,-13.496690560181136,168.91269547070465,168.91269547070465
sample_000490,samples/sample_000490.npz,train,31,43,46,54,7,12,0.09434402017275569,-1.0252856216069088,-17.85627596960733,211.40228582236892,211.40228582236892
sample_000491,samples/sample_000491.npz,train,13,19,44,53,10,16,0.023993335767864853,-1.6199093683362147,-1.3812391997944213,20.03336593656933,20.03336593656933
sample_000492,samples/sample_000492.npz,train,37,41,34,48,5,11,0.00010536773926750558,-3.977292337915945,-0.020171154989536713,0.25358156785984826,0.25358156785984826
sample_000493,samples/sample_000493.npz,train,28,44,8,17,15,19,0.001875678662780046,-2.7268415619776913,-0.08750681312694136,1.1294378555416291,1.1294378555416291
sample_000494,samples/sample_000494.npz,train,24,33,26,35,11,15,0.0003674067191816876,-3.434852905523824,-0.0204953676944078,0.2782662311110944,0.2782662311110944
sample_000495,samples/sample_000495.npz,train,11,15,36,49,11,18,0.014951354803972918,-1.8253194523408394,-0.6941315091451378,10.0555201657354,10.0555201657354
sample_000496,samples/sample_000496.npz,train,14,27,25,30,6,9,0.00019858810928050918,-3.702046759005091,-0.02809021271735844,0.295802795329805,0.295802795329805
sample_000497,samples/sample_000497.npz,train,27,40,22,36,8,16,0.002728106714584057,-2.5641386455080295,-0.8023765933190541,9.565032220112395,9.565032220112395
sample_000498,samples/sample_000498.npz,train,31,47,17,31,14,20,0.00029619052062522907,-3.5284288448898695,-0.031078958484169104,0.3926271916809244,0.3926271916809244
sample_000499,samples/sample_000499.npz,train,16,22,11,23,3,7,0.05957797971510889,-1.2249142277650868,-27.743451589213564,280.38529793776127,280.38529793776127
sample_000500,samples/sample_000500.npz,train,47,51,25,36,15,22,0.0004269964061706831,-3.3695757802134056,-0.008732240675382853,0.1302845135810904,0.1302845135810904
sample_000501,samples/sample_000501.npz,train,44,49,41,50,12,18,0.003937277514527113,-2.4048039733783737,-0.12767721923763087,1.8823651449150163,1.8823651449150163
sample_000502,samples/sample_000502.npz,train,30,34,19,23,7,12,0.0018308820651780243,-2.7373396295333503,-0.06480704739900216,0.9824266109468315,0.9824266109468315
sample_000503,samples/sample_000503.npz,train,37,46,48,53,13,15,0.051156115383461605,-1.2911024417457746,-0.6655550679481688,9.258201737055376,9.258201737055376
sample_000504,samples/sample_000504.npz,train,43,48,21,36,9,13,0.0001340905715355836,-3.872601758121736,-0.0098230353705236,0.1276793053624959,0.1276793053624959
sample_000505,samples/sample_000505.npz,train,30,35,24,36,16,24,0.0013275587723830242,-2.8769462431605204,-0.03392291207922695,0.5054850316876397,0.5054850316876397
sample_000506,samples/sample_000506.npz,train,14,22,23,32,8,16,0.00014002422383007488,-3.85379682599541,-0.018300264293256516,0.2624877576864588,0.2624877576864588
sample_000507,samples/sample_000507.npz,train,27,40,27,35,8,16,0.0003136802733184072,-3.5035127922947398,-0.05823749319641973,0.7502036183808474,0.7502036183808474
sample_000508,samples/sample_000508.npz,train,46,53,49,56,5,11,0.0001292117923325496,-3.8886978492569426,-0.025557846301048823,0.34848622277900543,0.34848622277900543
sample_000509,samples/sample_000509.npz,train,22,38,32,41,14,17,0.0028920014616998827,-2.5388014918726545,-0.1292668209601698,1.619741306790636,1.619741306790636
sample_000510,samples/sample_000510.npz,train,25,39,38,52,9,11,0.0002608180325233524,-3.5836623855066256,-0.02967951836693828,0.31113170906642434,0.31113170906642434
sample_000511,samples/sample_000511.npz,train,23,27,36,40,16,22,0.09658075831143681,-1.015109389024928,-0.5893340809655166,8.962956606077542,8.962956606077542
sample_000512,samples/sample_000512.npz,train,21,32,18,25,10,12,0.05275272493144738,-1.277755102056319,-2.175842757821753,27.553972859224988,27.553972859224988
sample_000513,samples/sample_000513.npz,train,17,22,33,41,14,17,0.02214074902239771,-1.6548076910096134,-0.28815529263279244,4.183795681536752,4.183795681536752
sample_000514,samples/sample_000514.npz,train,9,17,13,25,4,11,0.0010888885655627764,-2.963016562702841,-0.5157080192783086,5.942762413366827,5.942762413366827
sample_000515,samples/sample_000515.npz,train,29,44,31,46,16,20,0.0004584919360199167,-3.338668298320787,-0.027185791495812392,0.34914521329402104,0.34914521329402104
sample_000516,samples/sample_000516.npz,train,32,47,16,23,12,14,0.04491929782697323,-1.347567041196295,-1.5915511776636162,19.32686584295174,19.32686584295174
sample_000517,samples/sample_000517.npz,train,19,28,15,24,8,10,0.002993806357898408,-2.5237762936442305,-0.21183813361977277,2.6077528614797894,2.6077528614797894
sample_000518,samples/sample_000518.npz,train,27,42,8,20,14,16,0.00037683069423515334,-3.4238537295680236,-0.014828910189433393,0.1831553230189031,0.1831553230189031
sample_000519,samples/sample_000519.npz,train,11,27,20,32,14,20,0.0006767040656149872,-3.1696012142822316,-0.062145604460642746,0.7956741414640182,0.7956741414640182
sample_000520,samples/sample_000520.npz,train,14,30,25,38,16,19,0.00024890273102355523,-3.6039703381766497,-0.01117464824955227,0.14177600966627849,0.14177600966627849
sample_000521,samples/sample_000521.npz,train,8,22,28,40,4,9,0.003359667775347716,-2.4737036662014704,-2.396244130633039,19.432350528982575,19.432350528982575
sample_000522,samples/sample_000522.npz,train,36,50,42,51,16,24,0.007502975073257981,-2.1247664963813016,-0.4028598220097796,5.650652264867942,5.650652264867942
sample_000523,samples/sample_000523.npz,train,17,21,26,35,2,5,0.0004473874879358379,-3.3493161659622483,-0.18739084733971337,1.9520823818876187,1.9520823818876187
sample_000524,samples/sample_000524.npz,train,30,42,39,45,13,18,0.007685425419508189,-2.1143320875355736,-0.30184035137518006,4.146306530626867,4.146306530626867
sample_000525,samples/sample_000525.npz,train,45,53,46,55,13,19,0.000785765124564003,-3.104707250843031,-0.03385102210000443,0.4881066982676655,0.4881066982676655
sample_000526,samples/sample_000526.npz,train,43,48,52,56,3,11,0.0006718729517359226,-3.172712842387396,-0.12541396828423004,2.0879938419674926,2.0879938419674926
sample_000527,samples/sample_000527.npz,train,41,56,21,37,11,14,0.008840058013017862,-2.0535448849132996,-1.0401690544914053,11.582227440980336,11.582227440980336
sample_000528,samples/sample_000528.npz,train,20,30,41,55,6,14,0.006832849609242191,-2.165398137977008,-2.5198115039821216,30.081756732417784,30.081756732417784
sample_000529,samples/sample_000529.npz,train,41,45,9,20,5,8,0.00040889052560404675,-3.3883929523597067,-0.05119077087322638,0.6262153140989739,0.6262153140989739
sample_000530,samples/sample_000530.npz,train,34,41,42,47,14,21,0.01468527093760556,-1.8331180365009647,-0.2891491596866562,4.344000853553095,4.344000853553095
sample_000531,samples/sample_000531.npz,train,12,18,16,27,5,9,0.0024982639818784983,-2.6023616733214316,-0.5272789484597153,6.3401360445539625,6.3401360445539625
sample_000532,samples/sample_000532.npz,train,16,23,22,38,10,16,0.000300429191719317,-3.522257870647009,-0.03216456830605112,0.4235458872599541,0.4235458872599541
sample_000533,samples/sample_000533.npz,train,30,41,31,46,13,17,0.007996490354122778,-2.0971005822927715,-0.5700049294752046,7.371138864144473,7.371138864144473
sample_000534,samples/sample_000534.npz,train,26,41,40,54,9,15,0.09616951891390357,-1.0169625564979303,-23.369692723174236,263.17533529382587,263.17533529382587
sample_000535,samples/sample_000535.npz,train,22,26,17,29,5,11,0.0005782728958756575,-3.2378671629575098,-0.10044315026152818,1.3222860344157767,1.3222860344157767
sample_000536,samples/sample_000536.npz,train,26,31,36,49,16,22,0.00017383530723111753,-3.7598620105205924,-0.004077641623716745,0.05933399623721711,0.05933399623721711
sample_000537,samples/sample_000537.npz,train,35,48,14,23,7,12,0.0015695255025067723,-2.8042316232528943,-0.352136186270945,3.9844861625337638,3.9844861625337638
sample_000538,samples/sample_000538.npz,train,26,31,33,38,8,13,0.005450828681011125,-2.263537467589023,-0.22568292625901093,3.3590857262128204,3.3590857262128204
sample_000539,samples/sample_000539.npz,train,27,42,8,23,6,13,0.016292597483355098,-1.7880096718142386,-8.703366071636355,84.45116569993323,84.45116569993323
sample_000540,samples/sample_000540.npz,train,47,56,28,34,5,12,0.00017247147553187863,-3.763282721132469,-0.03869942218370298,0.5167003832755742,0.5167003832755742
sample_000541,samples/sample_000541.npz,train,37,45,10,22,16,21,0.0019403573887642948,-2.7121182712690883,-0.06016629429268032,0.8566981548595465,0.8566981548595465
sample_000542,samples/sample_000542.npz,train,23,34,21,32,9,11,0.010487924100799729,-1.9793104642168213,-0.8069492699929612,9.501480609060069,9.501480609060069
sample_000543,samples/sample_000543.npz,train,9,25,10,19,16,21,0.0004124309803671656,-3.384648719486573,-0.019169001884352808,0.25366175142754466,0.25366175142754466
sample_000544,samples/sample_000544.npz,train,13,23,37,50,9,13,0.023813521324290855,-1.6231763803769703,-3.0567406983472716,37.54562263858284,37.54562263858284
sample_000545,samples/sample_000545.npz,train,33,38,24,33,6,9,0.0013542879111071186,-2.868288998196604,-0.13015434745427662,1.7075476682716646,1.7075476682716646
sample_000546,samples/sample_000546.npz,train,48,54,33,45,2,6,0.019066355352847796,-1.7197323169918892,-13.986489821961204,123.64939037833547,123.64939037833547
sample_000547,samples/sample_000547.npz,train,15,29,33,47,7,10,0.022060339000985456,-1.6563878180460492,-5.4925616244134075,52.57167595596708,52.57167595596708
sample_000548,samples/sample_000548.npz,train,42,47,9,17,9,14,0.00010027514737119752,-3.9988066910770477,-0.004993000106247845,0.07234054198913312,0.07234054198913312
sample_000549,samples/sample_000549.npz,train,13,26,42,54,16,23,0.006153510818207281,-2.2108770315525614,-0.3749306429501362,5.184782632078784,5.184782632078784
sample_000550,samples/sample_000550.npz,train,8,22,32,37,16,18,0.003204491644106317,-2.4942408565259275,-0.037295168080342736,0.499955743642961,0.499955743642961
sample_000551,samples/sample_000551.npz,train,50,56,31,38,15,21,0.012068403164380804,-1.9183501899503774,-0.22205028236417945,3.3124117847774084,3.3124117847774084
sample_000552,samples/sample_000552.npz,train,13,21,28,35,11,17,0.014024465330680013,-1.8531136868177214,-0.692480556755852,10.002611764629703,10.002611764629703
sample_000553,samples/sample_000553.npz,train,26,40,45,49,6,9,0.00010996019073419389,-3.9587645155115805,-0.013507785358311802,0.1381180535271202,0.1381180535271202
sample_000554,samples/sample_000554.npz,train,9,25,43,52,12,20,0.00039760033131114965,-3.400553262387038,-0.04517124419366301,0.5877394025500643,0.5877394025500643
sample_000555,samples/sample_000555.npz,train,12,21,31,35,3,8,0.014671378075186658,-1.833529091177823,-4.74809928128424,54.28066280494418,54.28066280494418
sample_000556,samples/sample_000556.npz,train,16,27,35,50,14,16,0.00015894895017142338,-3.7987423361748984,-0.00561665262335723,0.07216803200036606,0.07216803200036606
sample_000557,samples/sample_000557.npz,train,43,48,36,44,3,7,0.00038788196401361375,-3.4113004140361145,-0.12244009328552803,1.4745976506101448,1.4745976506101448
sample_000558,samples/sample_000558.npz,train,40,48,33,43,6,10,0.001681412253380893,-2.774325791963274,-0.31641480059082766,3.826139629617788,3.826139629617788
sample_000559,samples/sample_000559.npz,train,33,44,14,26,13,15,0.01864994696837814,-1.7293223987814859,-0.6568815737042908,8.497195073324642,8.497195073324642
sample_000560,samples/sample_000560.npz,train,27,40,10,21,10,12,0.0001824257286159279,-3.738913910481654,-0.0129116953116564,0.1498036985513752,0.1498036985513752
sample_000561,samples/sample_000561.npz,train,39,47,43,52,10,12,0.0009136273606173843,-3.0392309029826134,-0.03480486759867787,0.46162898164366695,0.46162898164366695
sample_000562,samples/sample_000562.npz,train,47,51,43,56,10,13,0.0038816250503251487,-2.4109864180561846,-0.1366694570939336,1.8482789083584237,1.8482789083584237
sample_000563,samples/sample_000563.npz,train,36,42,11,26,2,5,0.09953530999454362,-1.0020228266367623,-70.54338656985769,554.4747010273021,554.4747010273021
sample_000564,samples/sample_000564.npz,train,19,30,31,42,13,18,0.08374503044972091,-1.0770409551842426,-5.308866083540197,71.77800521340708,71.77800521340708
sample_000565,samples/sample_000565.npz,train,38,50,12,26,15,19,0.00029521689350630307,-3.5298587940487116,-0.015551598994425804,0.2060966221810263,0.2060966221810263
sample_000566,samples/sample_000566.npz,train,26,40,25,38,14,19,0.025893879970858298,-1.5868028694692446,-2.0171007434024872,26.148111920681732,26.148111920681732
sample_000567,samples/sample_000567.npz,train,37,51,41,46,16,20,0.004689485002075865,-2.328874848764101,-0.09377176489530131,1.2795212826165747,1.2795212826165747
sample_000568,samples/sample_000568.npz,train,15,29,17,27,2,7,0.0525745085562287,-1.2792247782196835,-74.35678552536322,454.6357538273522,454.6357538273522
sample_000569,samples/sample_000569.npz,train,28,35,9,14,4,7,0.0013224097236077842,-2.878633966080832,-0.23075719342938436,2.767843605376392,2.767843605376392
sample_000570,samples/sample_000570.npz,train,28,41,34,41,14,16,0.0013697165384988256,-2.8633693003641936,-0.02896993272590742,0.38053445315560147,0.38053445315560147
sample_000571,samples/sample_000571.npz,train,11,22,39,48,13,20,0.004596573933947587,-2.3375657500480393,-0.29122727546843313,4.097436029813866,4.097436029813866
sample_000572,samples/sample_000572.npz,train,8,18,31,40,10,13,0.011702679511603408,-1.9317146883504148,-0.7418473523875639,9.599812219729898,9.599812219729898
sample_000573,samples/sample_000573.npz,train,35,40,32,48,16,22,0.0019119155615651602,-2.7185312919532647,-0.05367395094272693,0.7653887028447288,0.7653887028447288
sample_000574,samples/sample_000574.npz,train,37,45,17,27,13,16,0.09300903063403863,-1.0314748819393396,-2.8277134750236166,39.20722560080184,39.20722560080184
sample_000575,samples/sample_000575.npz,train,41,46,40,46,3,9,0.015093175660330898,-1.8212193734347153,-4.091883160673645,58.12332951441828,58.12332951441828
sample_000576,samples/sample_000576.npz,train,32,44,37,48,5,11,0.0068768790048323175,-2.1626086167799685,-3.1312801806960806,32.55627200823518,32.55627200823518
sample_000577,samples/sample_000577.npz,train,17,32,19,30,16,21,0.00034139251539707613,-3.4667460044789906,-0.017968998432978705,0.23894279448579306,0.23894279448579306
sample_000578,samples/sample_000578.npz,train,41,56,33,40,14,17,0.06484268428738252,-1.1881390149976734,-2.1595413138413297,27.777965488978204,27.777965488978204
sample_000579,samples/sample_000579.npz,train,34,48,21,31,9,16,0.08960717340775248,-1.047657221959514,-16.676486907251313,206.2901662204305,206.2901662204305
sample_000580,samples/sample_000580.npz,train,9,14,32,44,3,11,0.0011386008443520193,-2.9436284984646726,-0.5006464783478262,6.346079144621083,6.346079144621083
sample_000581,samples/sample_000581.npz,train,29,43,42,50,12,17,0.001487762482998271,-2.827466397121294,-0.10645799163865333,1.3787173990235435,1.3787173990235435
sample_000582,samples/sample_000582.npz,train,25,30,47,52,5,9,0.008717128580612543,-2.0596265479757134,-0.8356599580908589,11.732213362982765,11.732213362982765
sample_000583,samples/sample_000583.npz,train,18,33,34,46,8,15,0.01953789542466518,-1.7091222192600366,-5.5693473313142725,63.34211577034046,63.34211577034046
sample_000584,samples/sample_000584.npz,train,13,17,16,20,10,14,0.0008383447507331955,-3.076577350639852,-0.012287577820637507,0.1833814996374526,0.1833814996374526
sample_000585,samples/sample_000585.npz,train,37,53,14,19,3,11,0.0004582344921768935,-3.338912223749192,-0.2862983460319401,2.6400095788978444,2.6400095788978444
sample_000586,samples/sample_000586.npz,train,9,20,16,25,15,18,0.0014952291422516565,-2.8252922470788318,-0.03960086516067147,0.542465645220159,0.542465645220159
sample_000587,samples/sample_000587.npz,train,41,50,45,55,10,12,0.018016634033707797,-1.7443263430534675,-0.8395767470200239,10.799501165688103,10.799501165688103
sample_000588,samples/sample_000588.npz,train,42,52,31,46,12,15,0.00397072809018806,-2.4011298517863033,-0.25256052185113215,3.2162123196963135,3.2162123196963135
sample_000589,samples/sample_000589.npz,train,26,33,33,49,9,15,0.00032908117495368327,-3.4826969607550793,-0.04318815568805878,0.5580807177804171,0.5580807177804171
sample_000590,samples/sample_000590.npz,train,21,33,18,29,15,19,0.0025709757003078283,-2.5899020280915206,-0.10970316247024597,1.483799365010743,1.483799365010743
sample_000591,samples/sample_000591.npz,train,41,56,25,39,2,9,0.0007856413096845923,-3.1047756890495255,-1.4103260242994213,8.359099407885966,8.359099407885966
sample_000592,samples/sample_000592.npz,train,48,54,45,56,3,8,0.024252508743637994,-1.6152433301683389,-11.516069807893947,124.91768760207935,124.91768760207935
sample_000593,samples/sample_000593.npz,train,16,29,14,27,13,20,0.009478707900292819,-2.023250859921232,-0.9787106780993684,13.020484056747152,13.020484056747152
sample_000594,samples/sample_000594.npz,train,14,25,36,40,16,24,0.002473319747675934,-2.606719734963107,-0.04780779074223096,0.7030196589883202,0.7030196589883202
sample_000595,samples/sample_000595.npz,train,13,25,20,29,8,14,0.003965020258880106,-2.40175458935587,-0.6919237223579474,8.638622825024129,8.638622825024129
sample_000596,samples/sample_000596.npz,train,26,37,18,34,15,17,0.015072164042744172,-1.8218243877418234,-0.47458310734827297,6.142944730254259,6.142944730254259
sample_000597,samples/sample_000597.npz,train,10,14,10,16,12,18,0.0006217043738243836,-3.2064160772657306,-0.011044591567135463,0.16786936237518407,0.16786936237518407
sample_000598,samples/sample_000598.npz,train,37,50,26,40,14,18,0.00648117919459851,-2.1883459708089283,-0.43260991614813493,5.569246075381639,5.569246075381639
sample_000599,samples/sample_000599.npz,train,15,26,43,54,11,18,0.030934920864916282,-1.5095509906177687,-3.3468957823013836,45.340517367488516,45.340517367488516
sample_000600,samples/sample_000600.npz,train,20,35,38,47,8,16,0.009134816236144549,-2.0393001848665753,-2.139632866738365,25.83977595191781,25.83977595191781
sample_000601,samples/sample_000601.npz,train,12,22,14,22,10,18,0.004077282142350618,-2.389629234923528,-0.38677468457401204,5.517906383809886,5.517906383809886
sample_000602,samples/sample_000602.npz,train,36,52,46,50,13,15,0.001256920320407505,-2.900692252548053,-0.02265294502717468,0.2804459207590825,0.2804459207590825
sample_000603,samples/sample_000603.npz,train,23,31,18,29,6,10,0.007832577599192753,-2.106095293767129,-1.5772118174377228,18.761757590032047,18.761757590032047
sample_000604,samples/sample_000604.npz,train,32,44,26,35,8,16,0.01709655654629384,-1.7670913529725452,-3.273909798445198,42.82812102846313,42.82812102846313
sample_000605,samples/sample_000605.npz,train,22,38,41,54,14,19,0.0014070530813215113,-2.8516895184215576,-0.12423083196935063,1.5601862154601787,1.5601862154601787
sample_000606,samples/sample_000606.npz,train,34,42,37,45,4,6,0.002712775765558684,-2.566586102959824,-0.6158371178334708,6.248738144604703,6.248738144604703
sample_000607,samples/sample_000607.npz,train,11,23,41,56,8,12,0.0015357081208831633,-2.813691319158222,-0.323805440588746,3.5540072936233824,3.5540072936233824
sample_000608,samples/sample_000608.npz,train,20,34,41,54,2,7,0.003315911529404806,-2.4793970652158124,-5.2389477716913255,29.482928347589702,29.482928347589702
sample_000609,samples/sample_000609.npz,train,8,17,17,24,10,12,0.00017489194852343752,-3.7572301836164055,-0.005972826620215669,0.07908878386693109,0.07908878386693109
sample_000610,samples/sample_000610.npz,train,38,53,36,41,12,20,0.0003695756064606519,-3.4322967017623984,-0.022603448275195094,0.3055286140655898,0.3055286140655898
sample_000611,samples/sample_000611.npz,train,21,35,37,48,12,17,0.0005242430623041207,-3.280467308164429,-0.04988426882067565,0.6328396562882304,0.6328396562882304
sample_000612,samples/sample_000612.npz,train,31,46,39,52,2,8,0.05399115277837663,-1.26767739970151,-92.86677436447758,529.1200643062402,529.1200643062402
sample_000613,samples/sample_000613.npz,train,27,37,30,37,7,11,0.05429416957356102,-1.265246804996453,-7.028350846545396,87.33732048679153,87.33732048679153
sample_000614,samples/sample_000614.npz,train,9,15,33,48,7,13,0.0001675794928094166,-3.775779128334763,-0.028666369409626663,0.36400557946886447,0.36400557946886447
sample_000615,samples/sample_000615.npz,train,24,33,17,26,3,6,0.00032759558995434777,-3.4846619532833625,-0.16875635218881682,1.4863063491771003,1.4863063491771003
sample_000616,samples/sample_000616.npz,train,22,38,34,42,7,14,0.02417684861929118,-1.6166003087873477,-6.618341459723187,73.46243671184165,73.46243671184165
sample_000617,samples/sample_000617.npz,train,33,47,18,32,6,10,0.001004468971718075,-2.998063474166852,-0.38715692897636966,3.551345251308883,3.551345251308883
sample_000618,samples/sample_000618.npz,train,32,38,32,47,7,14,0.046334579535780164,-1.3340947736403654,-8.339571745096347,108.56516943588473,108.56516943588473
sample_000619,samples/sample_000619.npz,train,11,15,8,20,6,12,0.00027968926458951687,-3.553324202984964,-0.03611714551673004,0.4891284009926786,0.4891284009926786
sample_000620,samples/sample_000620.npz,train,20,36,11,17,13,17,0.0016739975765467589,-2.776245175072228,-0.07482844851728024,0.9464391578998702,0.9464391578998702
sample_000621,samples/sample_000621.npz,train,16,31,30,46,5,12,0.005184010939464168,-2.2853340906745174,-3.726396307517909,32.662115180352814,32.662115180352814
sample_000622,samples/sample_000622.npz,train,19,29,33,45,15,20,0.015077306175036751,-1.8216762458550568,-0.6771769396371929,9.397707753047628,9.397707753047628
sample_000623,samples/sample_000623.npz,train,38,53,23,29,2,6,0.000837412695302238,-3.0770604594253053,-0.8816753122902226,5.493677361547262,5.493677361547262
sample_000624,samples/sample_000624.npz,train,47,55,34,38,13,19,0.0003899878376614372,-3.4089489368680854,-0.007717837028631951,0.11406491273917087,0.11406491273917087
sample_000625,samples/sample_000625.npz,train,36,43,9,14,13,21,0.001058028836247885,-2.97550249557808,-0.026111286749520804,0.3967236702079026,0.3967236702079026
sample_000626,samples/sample_000626.npz,train,45,51,18,23,7,15,0.016679647807675755,-1.7778131237700912,-1.2326500365898556,19.2187642839147,19.2187642839147
sample_000627,samples/sample_000627.npz,train,21,34,12,26,11,18,0.003925694379551328,-2.4060835138141723,-0.6084858412717389,7.732611052800391,7.732611052800391
sample_000628,samples/sample_000628.npz,train,14,19,25,36,2,9,0.013043359278089327,-1.8846105429559752,-8.3081998522807,95.59638554463451,95.59638554463451
sample_000629,samples/sample_000629.npz,train,20,27,8,21,9,11,0.0038253346729719656,-2.4173305630550175,-0.21820224049963427,2.7312685344848058,2.7312685344848058
sample_000630,samples/sample_000630.npz,train,29,33,15,19,3,10,0.00026334496028721844,-3.579474988452862,-0.040441014305862104,0.6667740825500001,0.6667740825500001
sample_000631,samples/sample_000631.npz,train,10,20,8,22,12,15,0.05298098002590137,-1.2758800125185052,-3.197756938159066,41.06366913574533,41.06366913574533
sample_000632,samples/sample_000632.npz,train,30,41,40,47,7,11,0.011559912637305752,-1.9370454480330852,-1.632153399755246,19.644850694015712,19.644850694015712
sample_000633,samples/sample_000633.npz,train,45,53,14,29,8,11,0.0009447045397882679,-3.0247039976317724,-0.11501425363143623,1.3563401111894084,1.3563401111894084
sample_000634,samples/sample_000634.npz,train,37,50,20,25,5,7,0.0002655178053137548,-3.575906350325518,-0.04219532272314236,0.3906266439104575,0.3906266439104575
sample_000635,samples/sample_000635.npz,train,28,39,35,43,8,12,0.00926159689638406,-2.0333141252516245,-1.1208675674127857,13.789192774306366,13.789192774306366
sample_000636,samples/sample_000636.npz,train,12,23,39,44,11,13,0.0003557299095234458,-3.4488796181009844,-0.008515866599658034,0.11154777504429164,0.11154777504429164
sample_000637,samples/sample_000637.npz,train,19,24,19,27,6,14,0.04919075586802566,-1.30811650399504,-6.104755565153844,92.87985647097221,92.87985647097221
sample_000638,samples/sample_000638.npz,train,13,29,45,52,6,8,0.0017208628934861259,-2.7642537298899863,-0.29879576480718756,2.6261348713146466,2.6261348713146466
sample_000639,samples/sample_000639.npz,train,42,49,38,42,15,20,0.05698313823928231,-1.244253636485233,-0.6344918097869878,9.389426232859112,9.389426232859112
sample_000640,samples/sample_000640.npz,train,18,30,13,27,6,10,0.03943316755850027,-1.4041383358376298,-13.310729119978198,131.35842037178637,131.35842037178637
sample_000641,samples/sample_000641.npz,train,51,56,20,27,9,15,0.00021767440109692274,-3.662192641772137,-0.010396973603489984,0.1552075852008968,0.1552075852008968
sample_000642,samples/sample_000642.npz,train,49,56,28,37,7,12,0.07147382026212398,-1.1458530043208381,-9.045105174885894,121.90571170242791,121.90571170242791
sample_000643,samples/sample_000643.npz,train,16,24,30,41,6,14,0.00319425572013172,-2.4956303188185247,-0.806359545840621,10.769363112613082,10.769363112613082
sample_000644,samples/sample_000644.npz,train,18,32,12,17,3,10,0.011975922806030012,-1.9216910120156427,-6.84597988518169,65.00166353044864,65.00166353044864
sample_000645,samples/sample_000645.npz,train,27,40,29,43,10,15,0.000267287178470196,-3.5730218734664145,-0.0424320989689583,0.5067536269297572,0.5067536269297572
sample_000646,samples/sample_000646.npz,train,24,38,25,31,5,12,0.00010199291354069171,-3.9914300019350177,-0.03370620628146456,0.3704696481915395,0.3704696481915395
sample_000647,samples/sample_000647.npz,train,20,29,29,40,2,5,0.0009975855337775866,-3.00104985729026,-0.9104331518607114,6.254408865276197,6.254408865276197
sample_000648,samples/sample_000648.npz,train,34,41,25,37,9,17,0.019111933603001924,-1.7186953720432334,-2.247277069220696,31.899650308400062,31.899650308400062
sample_000649,samples/sample_000649.npz,train,22,32,47,55,7,9,0.005166356569951185,-2.2868156231301473,-0.4893094391199604,5.648381131141392,5.648381131141392
sample_000650,samples/sample_000650.npz,train,36,52,13,25,7,12,0.0013990067335380018,-2.8541801952069856,-0.4680955363553804,4.623578599310207,4.623578599310207
sample_000651,samples/sample_000651.npz,train,20,25,38,50,11,13,0.00751654670254448,-2.12398163979243,-0.1838867695612991,2.503869182664621,2.503869182664621
sample_000652,samples/sample_000652.npz,train,19,23,34,50,6,8,0.020089090744184673,-1.6970397194846814,-1.7323367417061153,19.29224016503231,19.29224016503231
sample_000653,samples/sample_000653.npz,train,24,36,17,30,2,4,0.00010781184618655949,-3.9673335169712036,-0.10819307234390296,0.5169106911397432,0.5169106911397432
sample_000654,samples/sample_000654.npz,train,45,49,35,42,11,18,0.06986869353062383,-1.1557173775091552,-1.8651586720884057,28.541086263713368,28.541086263713368
sample_000655,samples/sample_000655.npz,train,28,37,28,39,6,14,0.00028432560650397637,-3.5461840257735324,-0.08018481624339777,1.040468480291646,1.040468480291646
sample_000656,samples/sample_000656.npz,train,20,36,25,29,16,23,0.00010618327963809833,-3.9739438649175196,-0.0027491059558335954,0.037693569438738785,0.037693569438738785
sample_000657,samples/sample_000657.npz,train,26,42,32,46,4,7,0.00010365150587280449,-3.984424383994638,-0.07147482141439496,0.44824424976769345,0.44824424976769345
sample_000658,samples/sample_000658.npz,train,8,13,46,53,16,24,0.07728971339241592,-1.1118783031604047,-1.1882966805537143,18.142516644969337,18.142516644969337
sample_000659,samples/sample_000659.npz,train,9,19,45,56,15,17,0.06992801293264578,-1.1553488124525688,-1.4632926610492278,19.924354255127973,19.924354255127973
sample_000660,samples/sample_000660.npz,train,36,44,10,26,4,8,0.004105073516174211,-2.3866790608629573,-1.9110278240970122,17.945530096166124,17.945530096166124
sample_000661,samples/sample_000661.npz,train,13,29,29,40,11,15,0.009177965951690025,-2.037253557778924,-1.0419993143534498,12.152402782306856,12.152402782306856
sample_000662,samples/sample_000662.npz,train,44,55,10,16,2,7,0.00014881262044464435,-3.827360235745471,-0.1284495255380742,1.0705636650122967,1.0705636650122967
sample_000663,samples/sample_000663.npz,train,24,34,25,32,16,19,0.0019289721671253784,-2.714674038686374,-0.031236287174844564,0.44081882285849794,0.44081882285849794
sample_000664,samples/sample_000664.npz,train,17,25,33,42,4,12,0.0328364008786046,-1.483644450950322,-12.925404494089097,166.70028983224148,166.70028983224148
sample_000665,samples/sample_000665.npz,train,33,39,8,20,9,17,0.007453312592534984,-2.127650664041968,-0.753965239761978,10.867582071608096,10.867582071608096
sample_000666,samples/sample_000666.npz,train,21,28,43,50,4,11,0.020922979382829207,-1.6793764728931202,-5.9396232895557395,81.26766138516355,81.26766138516355
sample_000667,samples/sample_000667.npz,train,49,55,16,20,11,17,0.014491768658193403,-1.8388786075157766,-0.31521617159537185,4.753878830122434,4.753878830122434
sample_000668,samples/sample_000668.npz,train,15,25,21,36,12,17,0.008427671514149037,-2.074292400255756,-0.7538554344105948,9.865879584463757,9.865879584463757
sample_000669,samples/sample_000669.npz,train,26,34,12,24,3,9,0.0003655228233919463,-3.4370855003375373,-0.24150493912489918,2.441685273240296,2.441685273240296
sample_000670,samples/sample_000670.npz,train,25,31,26,37,13,20,0.0003473373897895141,-3.4592484637228127,-0.01461513098859865,0.21452513537310403,0.21452513537310403
sample_000671,samples/sample_000671.npz,train,42,47,45,50,8,13,0.0873344374886156,-1.058814472649746,-3.615944239186283,53.820051352454286,53.820051352454286
sample_000672,samples/sample_000672.npz,train,32,41,42,51,12,15,0.02956544156450583,-1.5292156303602509,-1.1102763453623439,15.072021939672103,15.072021939672103
sample_000673,samples/sample_000673.npz,train,23,36,21,28,7,10,0.01894516223247853,-1.7225016713935517,-2.6511626410489106,28.924115126291838,28.924115126291838
sample_000674,samples/sample_000674.npz,train,11,19,12,18,11,18,0.049290210124619385,-1.3072393304399563,-2.251512506089716,33.25848149176162,33.25848149176162
sample_000675,samples/sample_000675.npz,train,38,46,43,51,3,10,0.012371265077207526,-1.907585887439756,-6.445445233758921,76.1722058900168,76.1722058900168
sample_000676,samples/sample_000676.npz,train,23,30,43,47,14,21,0.0011115939275412254,-2.9540538343690637,-0.017574129886635696,0.26507453280191834,0.26507453280191834
sample_000677,samples/sample_000677.npz,train,34,48,12,24,16,18,0.00013727023210990702,-3.862423631969838,-0.0036378807092613237,0.04728012966762275,0.04728012966762275
sample_000678,samples/sample_000678.npz,train,42,52,20,26,14,21,0.014164370247511621,-1.8488027295876304,-0.47221431809177045,6.8739874076403416,6.8739874076403416
sample_000679,samples/sample_000679.npz,train,17,30,41,52,14,16,0.0020257155584846656,-2.69342153629705,-0.06472271128062543,0.8322971673732907,0.8322971673732907
sample_000680,samples/sample_000680.npz,train,41,51,28,36,9,15,0.00025083617854310017,-3.6006098242668303,-0.026472239932152534,0.35843888270222773,0.35843888270222773
sample_000681,samples/sample_000681.npz,train,40,55,8,16,2,8,0.001083991369385092,-2.9649741755867014,-1.4419301100318316,9.610562175052992,9.610562175052992
sample_000682,samples/sample_000682.npz,train,46,56,39,50,8,14,0.0007139452884175941,-3.1463350681240283,-0.12423158757778054,1.5879393122777314,1.5879393122777314
sample_000683,samples/sample_000683.npz,train,16,23,22,35,7,13,0.00588686681818136,-2.230115789359089,-1.0584978130628209,13.635380094427514,13.635380094427514
sample_000684,samples/sample_000684.npz,train,44,49,38,48,9,13,0.00013182666582850042,-3.8799967319968434,-0.0070774363525350145,0.098635159200982,0.098635159200982
sample_000685,samples/sample_000685.npz,train,40,53,14,19,15,23,0.008846351987372143,-2.0532357844857247,-0.29022963425282255,4.152716904780988,4.152716904780988
sample_000686,samples/sample_000686.npz,train,27,40,30,38,13,15,0.0030312235727259864,-2.5183820303693087,-0.0873985319518838,1.1249603163224338,1.1249603163224338
sample_000687,samples/sample_000687.npz,train,9,22,12,24,2,8,0.001987557868027049,-2.701680217942453,-2.965006496296352,19.253494839311326,19.253494839311326
sample_000688,samples/sample_000688.npz,train,49,56,30,35,6,11,0.008520481830415932,-2.069535845330242,-0.8654102735438236,12.071282698975514,12.071282698975514
sample_000689,samples/sample_000689.npz,train,11,16,47,55,15,18,0.0016273192395240262,-2.7885272409392607,-0.01781828828547146,0.25946774366653036,0.25946774366653036
sample_000690,samples/sample_000690.npz,train,45,55,10,21,6,14,0.014228097651737433,-1.846853162781648,-4.417035014398066,55.720339166144385,55.720339166144385
sample_000691,samples/sample_000691.npz,train,38,54,18,23,7,11,0.0011836746267856206,-2.926767661811925,-0.17149830580395004,1.783219792471237,1.783219792471237
sample_000692,samples/sample_000692.npz,train,21,36,43,51,6,9,0.000815314837674917,-3.0886746540065166,-0.19411513463247107,1.8084425039100591,1.8084425039100591
sample_000693,samples/sample_000693.npz,train,10,23,24,37,13,19,0.0803904065223357,-1.0947957751694917,-7.66532324181653,100.53046275101698,100.53046275101698
sample_000694,samples/sample_000694.npz,train,39,47,15,29,15,17,0.03760926245053399,-1.4247051833764313,-0.7802843409935702,10.607669717840551,10.607669717840551
sample_000695,samples/sample_000695.npz,train,23,34,30,39,15,22,0.008018116301581307,-2.095927648663112,-0.36926081750019357,5.267753826276399,5.267753826276399
sample_000696,samples/sample_000696.npz,train,43,48,44,55,11,17,0.001841498526454604,-2.73482862432625,-0.086310333699228,1.2454325042495915,1.2454325042495915
sample_000697,samples/sample_000697.npz,train,12,24,25,40,2,4,0.00427632118170573,-2.368929683677452,-4.4358255807332885,20.449501599079948,20.449501599079948
sample_000698,samples/sample_000698.npz,train,19,34,44,56,4,7,0.0014902098775655187,-2.8267525622926257,-0.9084825739512487,6.241681414028117,6.241681414028117
sample_000699,samples/sample_000699.npz,train,18,34,42,51,4,12,0.06432833961528416,-1.1915976580699565,-46.15875014674587,424.0661135277518,424.0661135277518
sample_000700,samples/sample_000700.npz,train,13,27,40,48,16,18,0.00012889684758307635,-3.889757704012122,-0.00235821205544658,0.031254001635284946,0.031254001635284946
sample_000701,samples/sample_000701.npz,train,21,29,44,52,11,14,0.0008188054600055793,-3.0868192700124775,-0.030322834799536003,0.4177401619326054,0.4177401619326054
sample_000702,samples/sample_000702.npz,train,37,52,38,49,3,11,0.019413248992442355,-1.7119017752036472,-21.124723711058785,171.15507630094686,171.15507630094686
sample_000703,samples/sample_000703.npz,train,40,53,39,44,5,13,0.0010164834117358584,-2.992899704335696,-0.27199063671722057,3.267066634447943,3.267066634447943
sample_000704,samples/sample_000704.npz,train,47,52,35,40,6,14,0.0012284345785484544,-2.9106479673336354,-0.09983027769910638,1.5992381503848767,1.5992381503848767
sample_000705,samples/sample_000705.npz,train,9,24,14,20,3,5,0.0005113275915599599,-3.291300771836478,-0.24887024502810307,1.5827072225596923,1.5827072225596923
sample_000706,samples/sample_000706.npz,train,47,53,41,51,7,9,0.058978594677927286,-1.229305579883453,-4.122943563894878,51.78987699071911,51.78987699071911
sample_000707,samples/sample_000707.npz,train,24,34,41,53,12,16,0.00887459503403865,-2.0518514555680873,-0.576854071368551,7.653518191086486,7.653518191086486
sample_000708,samples/sample_000708.npz,train,46,50,15,24,10,17,0.015677636889276623,-1.8047193984940622,-0.6444588853418226,9.697173503725656,9.697173503725656
sample_000709,samples/sample_000709.npz,train,42,54,29,34,16,19,0.06373646080410342,-1.1956120559536365,-0.8885902599762663,12.333611488271742,12.333611488271742
sample_000710,samples/sample_000710.npz,train,21,37,13,25,15,18,0.0799049403700667,-1.0974263682563623,-3.9110598146594917,49.033564866222804,49.033564866222804
sample_000711,samples/sample_000711.npz,train,26,41,30,39,6,8,0.0006508937172837395,-3.1864899204417885,-0.13089542676069613,1.1523779953787225,1.1523779953787225
sample_000712,samples/sample_000712.npz,train,32,39,43,51,5,13,0.0018415342348282611,-2.734820203032907,-0.42296341352320976,6.023927218592661,6.023927218592661
sample_000713,samples/sample_000713.npz,train,29,37,31,43,2,6,0.005436635740540474,-2.2646697641424436,-5.076976756263555,39.528167992105686,39.528167992105686
sample_000714,samples/sample_000714.npz,train,35,48,17,33,2,10,0.0003618985240905509,-3.4414131880458116,-0.6145096660103947,4.088093493666898,4.088093493666898
sample_000715,samples/sample_000715.npz,train,17,30,29,40,3,9,0.013787062549397131,-1.8605282540909647,-13.167887971733425,104.7511782929256,104.7511782929256
sample_000716,samples/sample_000716.npz,train,41,51,24,37,16,24,0.01279409335736793,-1.8929904845984615,-0.6966959809438262,9.974865079704378,9.974865079704378
sample_000717,samples/sample_000717.npz,train,39,43,25,41,2,7,0.02673796386905686,-1.572871667908056,-15.79055359183172,152.62708745862616,152.62708745862616
sample_000718,samples/sample_000718.npz,train,26,35,32,39,5,10,0.059171467128869955,-1.2278876624608066,-14.117509030864005,172.25937849458404,172.25937849458404
sample_000719,samples/sample_000719.npz,train,26,37,35,39,3,6,0.09312616684335262,-1.0309282726280316,-31.61807254906732,282.63062651917215,282.63062651917215
sample_000720,samples/sample_000720.npz,train,31,45,34,46,14,18,0.0022348784948329863,-2.6507460834752195,-0.14027405501262352,1.805594530561667,1.805594530561667
sample_000721,samples/sample_000721.npz,train,41,51,43,51,9,14,0.004380447896334993,-2.3584814810571486,-0.4257239495036208,5.651883787682222,5.651883787682222
sample_000722,samples/sample_000722.npz,train,11,18,23,28,14,18,0.0010792251056255333,-2.9668879603822846,-0.015314449200003143,0.22315823480803482,0.22315823480803482
sample_000723,samples/sample_000723.npz,train,13,23,18,30,11,19,0.0001982102848155081,-3.7028738144181643,-0.02225755196739443,0.30936054895770126,0.30936054895770126
sample_000724,samples/sample_000724.npz,train,17,31,8,21,11,14,0.001512138047090931,-2.8204085591303727,-0.1432492231777182,1.684262929963778,1.684262929963778
sample_000725,samples/sample_000725.npz,train,39,43,44,48,4,9,0.00022371238451442701,-3.650309973089786,-0.022047158331051246,0.33468252949796135,0.33468252949796135
sample_000726,samples/sample_000726.npz,train,29,41,39,44,11,18,0.010364241105557667,-1.9844624924832712,-0.5864988001833653,8.147283443097447,8.147283443097447
sample_000727,samples/sample_000727.npz,train,30,37,40,47,15,21,0.00043748436979835906,-3.3590374585995724,-0.009374352567157825,0.1386374612062956,0.1386374612062956
sample_000728,samples/sample_000728.npz,train,30,37,42,52,11,15,0.00044275272810751144,-3.35383875413927,-0.02124492366480344,0.2951314695703501,0.2951314695703501
sample_000729,samples/sample_000729.npz,train,16,27,35,40,12,14,0.027351835522316563,-1.5630135237925193,-0.5276886767083444,7.025122261011305,7.025122261011305
sample_000730,samples/sample_000730.npz,train,36,50,35,48,14,16,0.008257297088222546,-2.083162089698069,-0.32611637102643437,4.073180558617642,4.073180558617642
sample_000731,samples/sample_000731.npz,train,11,16,37,46,6,12,0.07656022115298049,-1.115996820719975,-9.89515947199255,140.3717795557813,140.3717795557813
sample_000732,samples/sample_000732.npz,train,13,17,38,52,6,10,0.003698333616554943,-2.4319939148929843,-0.45061803985726684,5.546637096696102,5.546637096696102
sample_000733,samples/sample_000733.npz,train,43,55,16,25,8,12,0.05391727335117539,-1.268272078610726,-7.794698409280888,92.5509638196759,92.5509638196759
sample_000734,samples/sample_000734.npz,train,18,31,10,14,6,9,0.002398680485113161,-2.6200275981321237,-0.276693473438934,2.939970727242007,2.939970727242007
sample_000735,samples/sample_000735.npz,train,31,36,16,27,4,8,0.006731425939475978,-2.171892928042066,-1.7090881341226931,20.192842086337905,20.192842086337905
sample_000736,samples/sample_000736.npz,train,11,24,34,49,11,16,0.0012048161691549815,-2.9190792126841574,-0.16584775947109834,2.0183579128414544,2.0183579128414544
sample_000737,samples/sample_000737.npz,train,35,40,8,24,6,9,0.0005052292288003262,-3.2965115323457255,-0.07033297503785724,0.7965977521307311,0.7965977521307311
sample_000738,samples/sample_000738.npz,train,49,55,22,29,14,16,0.09353667933189642,-1.0290180521464833,-0.9346262527800306,13.448358392937699,13.448358392937699
sample_000739,samples/sample_000739.npz,train,36,41,41,45,12,17,0.0056505595755426165,-2.2479085418200673,-0.07683599283022345,1.1530420718898455,1.1530420718898455
sample_000740,samples/sample_000740.npz,train,22,32,20,27,6,12,0.048829053854650306,-1.3113216908230938,-9.862296636161512,125.40729272017727,125.40729272017727
sample_000741,samples/sample_000741.npz,train,24,30,40,54,6,14,0.02096664185086723,-1.6784711232984542,-4.787187174371623,63.26703499435873,63.26703499435873
sample_000742,samples/sample_000742.npz,train,11,24,20,27,9,11,0.0011174648186761862,-2.951766140943509,-0.06862587601382869,0.7997035015203064,0.7997035015203064
sample_000743,samples/sample_000743.npz,train,19,34,12,19,7,11,0.002802253267659061,-2.552492615739733,-0.518538738701889,5.476492040637371,5.476492040637371
sample_000744,samples/sample_000744.npz,train,23,36,37,49,15,22,0.0003846610641084386,-3.4149217713189506,-0.027106695567749674,0.3713353466350979,0.3713353466350979
sample_000745,samples/sample_000745.npz,train,28,36,15,24,12,15,0.011455668866124091,-1.9409795484312542,-0.3839031997314252,5.29723661722967,5.29723661722967
sample_000746,samples/sample_000746.npz,train,42,47,19,26,3,11,0.014633903824344627,-1.8346398035252358,-4.431101883860627,66.18100361080442,66.18100361080442
sample_000747,samples/sample_000747.npz,train,41,52,16,26,7,9,0.00027189169371005887,-3.565604059904183,-0.03322403703515652,0.3615664265870729,0.3615664265870729
sample_000748,samples/sample_000748.npz,train,21,33,33,46,15,19,0.06419143770308444,-1.1925228972628492,-3.173876711204636,42.3837905320044,42.3837905320044
sample_000749,samples/sample_000749.npz,train,12,20,17,24,13,21,0.010043868860929749,-1.9980989663440591,-0.3911903716673438,5.850397788189511,5.850397788189511
sample_000750,samples/sample_000750.npz,train,26,33,34,44,4,9,0.02191850612711967,-1.6591890488581598,-7.68004450581643,89.52053523847701,89.52053523847701
sample_000751,samples/sample_000751.npz,train,15,30,31,37,4,6,0.004054514854979884,-2.3920611040693758,-1.24645188278456,9.31814417008479,9.31814417008479
sample_000752,samples/sample_000752.npz,train,32,39,42,52,9,12,0.01686035009109659,-1.7731334118552335,-1.0513505166612296,13.972953092323307,13.972953092323307
sample_000753,samples/sample_000753.npz,train,16,22,18,27,3,10,0.0008132233197321929,-3.0897901761655766,-0.3546024959997578,4.47969469134539,4.47969469134539
sample_000754,samples/sample_000754.npz,train,21,36,16,24,11,18,0.003153996906407738,-2.501138736983878,-0.34349025927651644,4.425792639945945,4.425792639945945
sample_000755,samples/sample_000755.npz,train,25,32,40,46,9,12,0.01300101046853069,-1.8860228920121855,-0.5186237643426049,7.158969586871078,7.158969586871078
sample_000756,samples/sample_000756.npz,train,37,46,16,27,10,17,0.00028591577875838723,-3.5437618766860535,-0.03101225740356079,0.42780368055054185,0.42780368055054185
sample_000757,samples/sample_000757.npz,train,16,24,52,56,12,18,0.0461453928811233,-1.3358716520851708,-1.0959947571904884,16.159752456957293,16.159752456957293
sample_000758,samples/sample_000758.npz,train,9,16,15,31,2,6,0.011702753759976132,-1.9317119329510004,-10.648010646492398,82.36617404669936,82.36617404669936
sample_000759,samples/sample_000759.npz,train,28,44,21,35,15,21,0.09503275139049662,-1.0221266968490301,-8.558464594675886,109.97428435965386,109.97428435965386
sample_000760,samples/sample_000760.npz,train,9,23,18,24,15,20,0.00032709003495118023,-3.4853326867880052,-0.010617763096338786,0.14437011733405422,0.14437011733405422
sample_000761,samples/sample_000761.npz,train,12,19,18,22,10,17,0.0992592922874699,-1.0032288256200808,-3.2917140110811163,49.644378840540995,49.644378840540995
sample_000762,samples/sample_000762.npz,train,43,51,44,50,14,19,0.0018246470703575908,-2.7388211258479314,-0.04065370404336889,0.591921181375693,0.591921181375693
sample_000763,samples/sample_000763.npz,train,15,28,8,15,14,20,0.00012857437299321737,-3.8908455848855406,-0.005908982364316035,0.08133194802283203,0.08133194802283203
sample_000764,samples/sample_000764.npz,train,22,28,40,56,7,15,0.0010846950268451308,-2.964692351010036,-0.21133886648668354,2.7660528932996504,2.7660528932996504
sample_000765,samples/sample_000765.npz,train,15,21,44,56,15,21,0.011903143264846023,-1.9243383392528055,-0.36194204047383105,5.247724522961165,5.247724522961165
sample_000766,samples/sample_000766.npz,train,18,31,34,47,16,18,0.02532152351328783,-1.596510167789404,-0.6710236935645598,8.789829409988368,8.789829409988368
sample_000767,samples/sample_000767.npz,train,29,38,14,27,12,15,0.0017733093516916697,-2.7512154956379975,-0.09120025743990179,1.1984200435732282,1.1984200435732282
sample_000768,samples/sample_000768.npz,train,11,23,42,49,11,17,0.0005453066663027582,-3.26335919308742,-0.039722467160276845,0.5366974432982129,0.5366974432982129
sample_000769,samples/sample_000769.npz,train,30,42,29,36,12,16,0.0002676205283495018,-3.5724805762294465,-0.012776179007144626,0.16972167654221873,0.16972167654221873
sample_000770,samples/sample_000770.npz,train,15,24,29,40,7,15,0.00012428970007839245,-3.9055648599702675,-0.027177297594873015,0.3634047279065541,0.3634047279065541
sample_000771,samples/sample_000771.npz,train,47,56,12,20,2,6,0.0001806993598627905,-3.7430433859479235,-0.1546398873180235,1.2625338017020364,1.2625338017020364
sample_000772,samples/sample_000772.npz,train,30,42,20,31,5,7,0.00014935266208238772,-3.8257870320662954,-0.03961572243080202,0.34554755592684516,0.34554755592684516
sample_000773,samples/sample_000773.npz,train,37,44,30,43,14,18,0.00024210794185585674,-3.6159909641823744,-0.00834348494190118,0.11627456787674958,0.11627456787674958
sample_000774,samples/sample_000774.npz,train,43,48,43,49,10,16,0.08497794861467856,-1.070693757078919,-2.8139391713294435,42.35610878169871,42.35610878169871
sample_000775,samples/sample_000775.npz,train,36,52,30,35,11,19,0.00030647749409078206,-3.5136014120136068,-0.023853522401720922,0.31146709709544484,0.31146709709544484
sample_000776,samples/sample_000776.npz,train,14,27,34,48,6,9,0.0028588896568257373,-2.543802606571527,-0.8790431276892016,8.028560374173905,8.028560374173905
sample_000777,samples/sample_000777.npz,train,42,48,38,48,15,17,0.0019100076628986162,-2.7189648903711685,-0.022255876374981914,0.3170897879213376,0.3170897879213376
sample_000778,samples/sample_000778.npz,train,19,34,39,51,6,11,0.005104173169634898,-2.2920745996981235,-2.1012647247051732,19.987505009827398,19.987505009827398
sample_000779,samples/sample_000779.npz,train,11,27,32,46,13,20,0.0006981278662328118,-3.156065026497825,-0.0932446244146059,1.1728754523638592,1.1728754523638592
sample_000780,samples/sample_000780.npz,train,29,33,39,44,12,19,0.006033795491705922,-2.219409413804513,-0.09649435300690644,1.489875957871574,1.489875957871574
sample_000781,samples/sample_000781.npz,train,25,32,48,53,16,23,0.048876792243450255,-1.3108973043342909,-0.705774870216634,10.622147447834756,10.622147447834756
sample_000782,samples/sample_000782.npz,train,28,44,40,49,13,20,0.004548176348099689,-2.342162704599562,-0.41123517090926703,5.354890268457185,5.354890268457185
sample_000783,samples/sample_000783.npz,train,18,34,27,37,10,17,0.00022100247500801373,-3.655602862621205,-0.037811361852455004,0.45913660050959365,0.45913660050959365
sample_000784,samples/sample_000784.npz,train,29,43,9,24,8,12,0.00055952325562095,-3.252181858057957,-0.13540031607398667,1.404807973812106,1.404807973812106
sample_000785,samples/sample_000785.npz,train,28,35,23,33,6,9,0.0035591634405242843,-2.4486520682793733,-0.508506295058297,6.172133645251898,6.172133645251898
sample_000786,samples/sample_000786.npz,train,47,55,15,29,6,12,0.00012976971522015595,-3.886826648424516,-0.03609542846724435,0.43072154340826835,0.43072154340826835
sample_000787,samples/sample_000787.npz,train,23,31,20,34,12,19,0.02147974087136396,-1.6679709622097052,-1.7504094678093995,24.37549291061827,24.37549291061827
sample_000788,samples/sample_000788.npz,train,15,26,15,29,4,9,0.004603161536132924,-2.3369437843890584,-2.902773419100045,25.798112923767665,25.798112923767665
sample_000789,samples/sample_000789.npz,train,24,33,35,46,12,16,0.002350576169653145,-2.628825671076848,-0.12819856695267162,1.7362751128267415,1.7362751128267415
sample_000790,samples/sample_000790.npz,train,39,52,26,42,7,12,0.0035659052804262264,-2.447830196980786,-1.2002828651901243,12.230460362240013,12.230460362240013
sample_000791,samples/sample_000791.npz,train,11,24,26,33,13,17,0.00023213827640034614,-3.634253244469065,-0.009909509054250556,0.13123886531496537,0.13123886531496537
sample_000792,samples/sample_000792.npz,train,27,34,15,30,7,9,0.03368697164633494,-1.4725380289832692,-3.5475449821664182,40.00139213976595,40.00139213976595
sample_000793,samples/sample_000793.npz,train,37,43,33,43,11,19,0.00046830126713341474,-3.3294746670987543,-0.02729124077990994,0.4066927031138286,0.4066927031138286
sample_000794,samples/sample_000794.npz,train,44,53,37,50,10,13,0.00864545668610697,-2.063212060687608,-0.6695003435860966,8.441244937604862,8.441244937604862
sample_000795,samples/sample_000795.npz,train,36,52,43,56,2,10,0.01350867716493035,-1.8693871771141062,-24.6527264925437,151.76714617511766,151.76714617511766
sample_000796,samples/sample_000796.npz,train,10,25,9,25,7,10,0.00029159247577182615,-3.5352236867084397,-0.0829785669497983,0.7447646361919178,0.7447646361919178
sample_000797,samples/sample_000797.npz,train,35,40,19,33,3,8,0.000160125911255971,-3.7955383857261724,-0.07225566860207228,0.7671300779957188,0.7671300779957188
sample_000798,samples/sample_000798.npz,train,24,29,35,44,15,22,0.019217591221920943,-1.7163010487479435,-0.4073315409381018,6.108781072670423,6.108781072670423
sample_000799,samples/sample_000799.npz,train,25,40,36,48,9,17,0.00010706994352261388,-3.9703324264068067,-0.025817860723676513,0.31163750829488773,0.31163750829488773
sample_000800,samples/sample_000800.npz,train,33,46,23,35,4,7,0.0001482622071085283,-3.8289695390320286,-0.08053857165250984,0.6092142425088278,0.6092142425088278
sample_000801,samples/sample_000801.npz,train,31,35,36,42,6,8,0.038610904642694906,-1.4132900228585226,-1.6829709709755587,23.0037384011244,23.0037384011244
sample_000802,samples/sample_000802.npz,train,19,33,19,30,12,20,0.06543673320533867,-1.1841783900566059,-7.863038752200624,104.64490041104739,104.64490041104739
sample_000803,samples/sample_000803.npz,train,17,32,32,38,7,10,0.0001870584771845164,-3.72802260550355,-0.025851750839708282,0.2648068993358494,0.2648068993358494
sample_000804,samples/sample_000804.npz,train,29,45,33,47,14,21,0.03686837581062811,-1.4333459942631208,-4.206338403079583,53.89936720395263,53.89936720395263
sample_000805,samples/sample_000805.npz,train,40,54,32,41,15,22,0.009510961270068598,-2.021775586828233,-0.5523840416346718,7.598359654630636,7.598359654630636
sample_000806,samples/sample_000806.npz,train,28,32,26,37,7,9,0.0034368329301411103,-2.463841579088072,-0.17386034805698494,2.2371875880076635,2.2371875880076635
sample_000807,samples/sample_000807.npz,train,18,33,10,22,4,8,0.0007480529888807524,-3.1260676374785463,-0.5181065216817277,3.8168544937693443,3.8168544937693443
sample_000808,samples/sample_000808.npz,train,41,51,32,40,9,13,0.05161392702842073,-1.287233096522161,-4.462338407366704,58.030110549713065,58.030110549713065
sample_000809,samples/sample_000809.npz,train,25,38,47,53,2,9,0.004735178365764082,-2.3246636572503316,-4.577498459904291,39.252706275910256,39.252706275910256
sample_000810,samples/sample_000810.npz,train,28,41,27,37,14,21,0.00409169806426259,-2.3880964213583824,-0.28486747027413,3.9086915130951105,3.9086915130951105
sample_000811,samples/sample_000811.npz,train,9,22,43,53,10,12,0.08725071854609832,-1.0592309877576591,-5.723222719112896,67.1937426173621,67.1937426173621
sample_000812,samples/sample_000812.npz,train,22,29,27,34,2,7,0.004465584948256142,-2.3501216446901623,-2.9556426593632685,30.854647093513073,30.854647093513073
sample_000813,samples/sample_000813.npz,train,35,39,15,29,6,9,0.0004086148535841851,-3.3886858503506603,-0.042628612247925704,0.5107378564051008,0.5107378564051008
sample_000814,samples/sample_000814.npz,train,34,38,30,45,4,9,0.0003930465366406498,-3.405556026190153,-0.1024519676490026,1.162079934533662,1.162079934533662
sample_000815,samples/sample_000815.npz,train,12,22,34,49,6,13,0.007328482675962379,-2.1349859344543383,-2.7358226775544767,31.184110346894137,31.184110346894137
sample_000816,samples/sample_000816.npz,train,29,45,11,24,4,8,0.0018770756215836795,-2.7265182306418696,-1.4294474045845091,9.82079689033281,9.82079689033281
sample_000817,samples/sample_000817.npz,train,50,55,8,16,12,16,0.00028612762282900507,-3.543440213277844,-0.0066098156954820225,0.09604683629893268,0.09604683629893268
sample_000818,samples/sample_000818.npz,train,20,29,24,39,7,12,0.003324315904378971,-2.4782977126226875,-0.772587843834112,8.970084639906686,8.970084639906686
sample_000819,samples/sample_000819.npz,train,31,38,28,35,7,14,0.00511358490230271,-2.2912745289409164,-0.5826420775046203,8.483779672608566,8.483779672608566
sample_000820,samples/sample_000820.npz,train,37,41,22,27,6,12,0.00010490277519886284,-3.9792130224107347,-0.0065262988718442164,0.10018736542389882,0.10018736542389882
sample_000821,samples/sample_000821.npz,train,26,31,41,53,5,7,0.072893925490909,-1.1373086614721162,-9.30026434446018,105.86143443685158,105.86143443685158
sample_000822,samples/sample_000822.npz,train,37,53,21,28,3,8,0.0005452743462761946,-3.2633849342456354,-0.44108669034240366,3.2378722019307733,3.2378722019307733
sample_000823,samples/sample_000823.npz,train,46,52,15,27,16,21,0.011785091200808633,-1.9286670522695109,-0.2750797177223805,3.9726577297219783,3.9726577297219783
sample_000824,samples/sample_000824.npz,train,27,32,13,27,12,19,0.003640982722673216,-2.4387813818915127,-0.18710936225408925,2.672238002160921,2.672238002160921
sample_000825,samples/sample_000825.npz,train,40,54,29,35,15,21,0.07490810458843129,-1.1254711918116422,-2.7129228540047525,37.30566774964757,37.30566774964757
sample_000826,samples/sample_000826.npz,train,15,25,12,27,5,12,0.000254317997963081,-3.5946229039239253,-0.12407499985206506,1.3328550991900805,1.3328550991900805
sample_000827,samples/sample_000827.npz,train,51,55,24,32,13,16,0.00014774930161816642,-3.83047456326629,-0.0018506007672527492,0.027023110688225254,0.027023110688225254
sample_000828,samples/sample_000828.npz,train,31,40,30,43,15,20,0.003923836896722155,-2.4062890533628676,-0.17065983253837094,2.3780369682551252,2.3780369682551252
sample_000829,samples/sample_000829.npz,train,47,54,32,37,9,12,0.00014573015905921814,-3.8364505610811515,-0.004898972716539148,0.06850531644730506,0.06850531644730506
sample_000830,samples/sample_000830.npz,train,38,44,27,36,9,13,0.001039435452582474,-2.9832024745457164,-0.060969724200172645,0.8485502680655651,0.8485502680655651
sample_000831,samples/sample_000831.npz,train,15,29,10,15,12,15,0.043067762853816284,-1.3658476869900498,-1.41784302785292,18.0564207776334,18.0564207776334
sample_000832,samples/sample_000832.npz,train,18,23,33,37,9,13,0.00010179721693509398,-3.992264095145168,-0.0023656443415768134,0.03479311989274685,0.03479311989274685
sample_000833,samples/sample_000833.npz,train,32,40,31,43,11,13,0.00101443808224968,-2.9937744556369745,-0.03924643049625235,0.514226523955618,0.514226523955618
sample_000834,samples/sample_000834.npz,train,28,43,20,26,10,15,0.0006473449470871296,-3.188864237576188,-0.05623035944833068,0.6904183584891779,0.6904183584891779
sample_000835,samples/sample_000835.npz,train,36,49,28,41,12,19,0.0052982886380937705,-2.2758643860695846,-0.6474507068467671,8.476950870432677,8.476950870432677
sample_000836,samples/sample_000836.npz,train,41,53,8,15,7,12,0.06313926325367303,-1.199700490019524,-10.65430375071901,128.10503319356636,128.10503319356636
sample_000837,samples/sample_000837.npz,train,10,16,38,49,9,14,0.0002006021510641315,-3.697664414335173,-0.01567281232781761,0.2161933414284075,0.2161933414284075
sample_000838,samples/sample_000838.npz,train,18,24,24,31,10,12,0.02498269878122525,-1.6023606483283799,-0.5780988567609713,8.068160451606646,8.068160451606646
sample_000839,samples/sample_000839.npz,train,21,34,19,34,16,23,0.00016832464682700013,-3.773852288080845,-0.012491505149831194,0.16959423527175535,0.16959423527175535
sample_000840,samples/sample_000840.npz,train,43,55,29,42,8,10,0.0928042058076915,-1.0324323414785228,-11.194143676466357,119.36129341894593,119.36129341894593
sample_000841,samples/sample_000841.npz,train,40,56,14,22,3,7,0.0004539623656012182,-3.3429801495420026,-0.38178276720499016,2.526808690477769,2.526808690477769
sample_000842,samples/sample_000842.npz,train,30,40,18,28,4,6,0.0045865169244923626,-2.338516999583599,-1.437887026683549,12.543967647208476,12.543967647208476
sample_000843,samples/sample_000843.npz,train,42,51,38,48,13,16,0.0046398180768774016,-2.3334990474100277,-0.1580573907101864,2.1603521532053787,2.1603521532053787
sample_000844,samples/sample_000844.npz,train,13,24,37,53,2,4,0.0035142413193694454,-2.454168419257325,-3.4500429009649145,16.813861425524895,16.813861425524895
sample_000845,samples/sample_000845.npz,train,18,30,12,24,11,18,0.00018827407328864552,-3.725209481379616,-0.02384456454911115,0.3152524425730585,0.3152524425730585
sample_000846,samples/sample_000846.npz,train,45,50,49,54,14,20,0.017783633492429615,-1.749979500705804,-0.2317438177464246,3.496651927800988,3.496651927800988
sample_000847,samples/sample_000847.npz,train,8,19,34,49,16,21,0.0007550181496103024,-3.122042608396159,-0.03883953244127544,0.5279709871662719,0.5279709871662719
sample_000848,samples/sample_000848.npz,train,14,19,8,13,9,17,0.055961640879262274,-1.2521095598277912,-2.1403376795704907,33.72753286963551,33.72753286963551
sample_000849,samples/sample_000849.npz,train,9,23,20,33,11,16,0.004860929669082441,-2.3132806625194444,-0.6404715450726354,7.812055361608155,7.812055361608155
sample_000850,samples/sample_000850.npz,train,38,43,39,45,3,6,0.010673960568020039,-1.9716744059096976,-2.529811487960097,30.914556100201864,30.914556100201864
sample_000851,samples/sample_000851.npz,train,44,48,13,21,2,9,0.004629411721520372,-2.3344741930705295,-1.9871529178774254,26.899227877548384,26.899227877548384
sample_000852,samples/sample_000852.npz,train,39,48,9,13,10,16,0.0008544830830490475,-3.0682965309668555,-0.03400087083194278,0.48808357224166965,0.48808357224166965
sample_000853,samples/sample_000853.npz,train,22,36,45,55,11,17,0.04837263604139023,-1.3154002453170204,-5.629942789756948,71.75432950723966,71.75432950723966
sample_000854,samples/sample_000854.npz,train,36,48,12,27,8,14,0.03023767397198132,-1.519451619916409,-7.827895304080101,90.21532615620404,90.21532615620404
sample_000855,samples/sample_000855.npz,train,34,48,32,37,3,8,0.0013180651268842182,-2.88006313029766,-0.7374572964325636,6.237427557170324,6.237427557170324
sample_000856,samples/sample_000856.npz,train,8,22,36,50,14,20,0.0732756381047693,-1.1350403909151354,-6.783152752195235,88.32746612002762,88.32746612002762
sample_000857,samples/sample_000857.npz,train,17,33,39,44,16,22,0.004350699981984185,-2.3614408639978266,-0.12858156828909065,1.7432155207863762,1.7432155207863762
sample_000858,samples/sample_000858.npz,train,36,46,49,56,4,10,0.000438262902495063,-3.3582652893815164,-0.16899405631654388,1.9403135359526644,1.9403135359526644
sample_000859,samples/sample_000859.npz,train,39,52,51,56,11,18,0.007033720719544491,-2.1528148797450735,-0.4294374955597751,5.839335258021622,5.839335258021622
sample_000860,samples/sample_000860.npz,train,15,31,21,36,4,7,0.0005515973954004415,-3.2583777931957645,-0.3913076066363023,2.402427256685277,2.402427256685277
sample_000861,samples/sample_000861.npz,train,19,23,19,34,4,6,0.01947056550542015,-1.7106214345962054,-3.2771179552477587,32.9059864902469,32.9059864902469
sample_000862,samples/sample_000862.npz,train,20,26,14,30,5,8,0.0009726734578352407,-3.012032934924319,-0.21833854561236554,2.2774129033495907,2.2774129033495907
sample_000863,samples/sample_000863.npz,train,13,20,43,51,14,22,0.0002549679317849194,-3.5935144388783753,-0.008407686143207875,0.1261385610523223,0.1261385610523223
sample_000864,samples/sample_000864.npz,train,35,49,9,23,16,24,0.0003082515171652093,-3.5110947771982257,-0.024823567824341697,0.3391767003098048,0.3391767003098048
sample_000865,samples/sample_000865.npz,train,39,55,44,56,11,18,0.04789972259577405,-1.3196670017310201,-7.921182580720729,96.96191544210558,96.96191544210558
sample_000866,samples/sample_000866.npz,train,19,35,11,25,2,10,0.00985065461297239,-2.006534908045002,-18.60447282943362,111.74002178021453,111.74002178021453
sample_000867,samples/sample_000867.npz,train,27,41,34,40,15,23,0.002050699080626729,-2.688098063284186,-0.08627659344608818,1.2139306928985074,1.2139306928985074
sample_000868,samples/sample_000868.npz,train,35,51,41,50,5,12,0.014617007063625738,-1.8351415431658613,-7.598279569064504,73.2307373993397,73.2307373993397
sample_000869,samples/sample_000869.npz,train,12,18,25,41,12,14,0.0023620457773536707,-2.62671168984721,-0.07034273241189484,0.9184866080879996,0.9184866080879996
sample_000870,samples/sample_000870.npz,train,26,40,18,34,15,21,0.00019540268357619287,-3.709069476163155,-0.017360003572023778,0.2261714729636859,0.2261714729636859
sample_000871,samples/sample_000871.npz,train,37,49,25,38,8,13,0.005630722769241384,-2.249435854785185,-1.214432076658909,14.0238818912121,14.0238818912121
sample_000872,samples/sample_000872.npz,train,35,44,26,37,16,24,0.00010240950238889118,-3.9896597441063433,-0.004319664149954417,0.06311490028292253,0.06311490028292253
sample_000873,samples/sample_000873.npz,train,20,35,22,36,13,19,0.0011490896274184786,-2.939646095615286,-0.1332874960021063,1.6793475074825344,1.6793475074825344
sample_000874,samples/sample_000874.npz,train,27,38,25,41,13,19,0.0006879301736512214,-3.162455641324008,-0.06631231815733964,0.8719724587692586,0.8719724587692586
sample_000875,samples/sample_000875.npz,train,23,27,9,22,10,13,0.00021305690697983858,-3.671504382070861,-0.007501592886639664,0.10144941090925799,0.10144941090925799
sample_000876,samples/sample_000876.npz,train,29,40,14,22,14,18,0.0006135219982335709,-3.2121698607443574,-0.02121024155773362,0.2920013773901155,0.2920013773901155
sample_000877,samples/sample_000877.npz,train,35,40,13,28,9,17,0.00010452110455056325,-3.9807960094146706,-0.010526352948561635,0.14714726582464674,0.14714726582464674
sample_000878,samples/sample_000878.npz,train,44,52,51,56,2,8,0.0004002612157012752,-3.3976564898922854,-0.2296555204380155,2.579937947488067,2.579937947488067
sample_000879,samples/sample_000879.npz,train,26,40,21,36,2,4,0.03584136190048065,-1.4456154963696712,-41.44019303061504,169.99332212698562,169.99332212698562
sample_000880,samples/sample_000880.npz,train,19,30,10,25,11,18,0.0022983651641196793,-2.638580969484456,-0.3213449394754107,4.1871695063226735,4.1871695063226735
sample_000881,samples/sample_000881.npz,train,8,16,14,21,10,18,0.016206845520474165,-1.7903015074443656,-1.0961230338385408,16.26778175665243,16.26778175665243
sample_000882,samples/sample_000882.npz,train,48,52,15,21,12,14,0.005765022111623442,-2.239199022638557,-0.04936852835974568,0.7205639650919238,0.7205639650919238
sample_000883,samples/sample_000883.npz,train,20,28,23,39,2,10,0.023330555255901962,-1.6320749250851723,-26.357231022136222,233.79989142423943,233.79989142423943
sample_000884,samples/sample_000884.npz,train,33,42,25,36,12,15,0.023232902874228935,-1.6338965231530267,-1.0398773980586014,13.908060712233675,13.908060712233675
sample_000885,samples/sample_000885.npz,train,24,31,14,23,11,17,0.010278945793382293,-1.9880514242117395,-0.5613168235321819,8.077182281381399,8.077182281381399
sample_000886,samples/sample_000886.npz,train,11,17,20,34,6,12,0.02675732487036666,-1.5725573083972195,-5.671854557455815,71.11110150602147,71.11110150602147
sample_000887,samples/sample_000887.npz,train,31,41,24,35,4,12,0.015438090701910785,-1.8114064118304407,-8.576748948593377,96.5010612929221,96.5010612929221
sample_000888,samples/sample_000888.npz,train,34,50,42,56,3,11,0.0004187107838372317,-3.3780858537715512,-0.5508122129886306,3.9547363388936203,3.9547363388936203
sample_000889,samples/sample_000889.npz,train,36,46,22,34,15,23,0.035571046534494465,-1.448903357263755,-2.0803475094179333,29.80124463566074,29.80124463566074
sample_000890,samples/sample_000890.npz,train,16,26,24,33,9,16,0.011291199985344636,-1.947259900473632,-1.4030686177072769,19.174244568416146,19.174244568416146
sample_000891,samples/sample_000891.npz,train,41,51,32,46,14,21,0.005279837721991036,-2.277379425482642,-0.3849008863651899,5.3402760460262515,5.3402760460262515
sample_000892,samples/sample_000892.npz,train,21,30,31,37,14,18,0.061335677738417735,-1.2122868315568724,-1.3287314990812749,18.916500184464045,18.916500184464045
sample_000893,samples/sample_000893.npz,train,42,50,25,31,5,8,0.00010201728119951948,-3.9913262547685626,-0.015643339085468482,0.18780170787891826,0.18780170787891826
sample_000894,samples/sample_000894.npz,train,22,35,8,23,13,15,0.016075906103389458,-1.7938245391121823,-0.7926904769498544,9.684735834899199,9.684735834899199
sample_000895,samples/sample_000895.npz,train,27,40,12,26,8,12,0.06735332224655198,-1.17164097755406,-14.594485664632476,157.44585931870662,157.44585931870662
sample_000896,samples/sample_000896.npz,train,16,27,12,20,15,21,0.0007194107582449668,-3.143023071922722,-0.027242082973964955,0.38587503550011226,0.38587503550011226
sample_000897,samples/sample_000897.npz,train,12,27,41,51,14,19,0.0012789685334093092,-2.8931401403804626,-0.0843206278063862,1.0954271397370388,1.0954271397370388
sample_000898,samples/sample_000898.npz,train,43,53,19,28,8,10,0.00010923316903408212,-3.9616454665656526,-0.008525603615431173,0.10201770199178853,0.10201770199178853
sample_000899,samples/sample_000899.npz,train,14,25,21,26,7,13,0.06711632458531733,-1.173171834301233,-8.224188404483149,107.11816557483682,107.11816557483682
sample_000900,samples/sample_000900.npz,train,41,52,21,33,14,17,0.02959200747736979,-1.5288255719542185,-1.2003394704432735,15.943957109952876,15.943957109952876
sample_000901,samples/sample_000901.npz,train,15,25,15,25,13,17,0.07558749334807638,-1.1215500566052028,-3.487779100599955,47.665630418198454,47.665630418198454
sample_000902,samples/sample_000902.npz,train,10,21,42,55,12,14,0.00014038949715393888,-3.8526653815132352,-0.006390604452043204,0.08029121993975669,0.08029121993975669
sample_000903,samples/sample_000903.npz,train,24,33,12,28,13,17,0.0006663564808226313,-3.1762933740798864,-0.041216612263894614,0.5410759694268941,0.5410759694268941
sample_000904,samples/sample_000904.npz,train,28,42,34,50,8,15,0.00011537246975126281,-3.9378978104307256,-0.03804308271613965,0.4209536871941703,0.4209536871941703
sample_000905,samples/sample_000905.npz,train,51,55,18,34,13,19,0.007893156189646682,-2.102749303297441,-0.2825195212067058,3.9693582372151464,3.9693582372151464
sample_000906,samples/sample_000906.npz,train,34,38,22,31,6,8,0.011341502574400388,-1.9453294043018627,-0.6836131225753748,8.847463276986728,8.847463276986728
sample_000907,samples/sample_000907.npz,train,13,23,34,47,12,15,0.09691404155296,-1.0136132949082146,-5.515431681531481,71.54095569672914,71.54095569672914
sample_000908,samples/sample_000908.npz,train,34,50,26,34,9,17,0.0039673784240910285,-2.4014963728416423,-0.7153026688938385,8.781539993316418,8.781539993316418
sample_000909,samples/sample_000909.npz,train,21,36,36,40,11,14,0.0024406436769096674,-2.6124956210120205,-0.08477774350766591,1.037578712217069,1.037578712217069
sample_000910,samples/sample_000910.npz,train,10,14,32,41,10,18,0.021368494510731927,-1.6702260744065138,-0.9201655473211551,14.070906142142997,14.070906142142997
sample_000911,samples/sample_000911.npz,train,43,50,26,39,5,11,0.000227423129196922,-3.6431653691478942,-0.07097833500294098,0.8470495788623632,0.8470495788623632
sample_000912,samples/sample_000912.npz,train,8,18,26,31,2,7,0.027054118705932335,-1.5677666087424655,-18.786516891390907,172.50653445647163,172.50653445647163
sample_000913,samples/sample_000913.npz,train,14,29,19,29,12,17,0.0842209301140317,-1.0745799666540465,-7.853856685061942,98.5074067316156,98.5074067316156
sample_000914,samples/sample_000914.npz,train,16,27,20,34,14,16,0.0005169521044155529,-3.2865496924023807,-0.01727556646948777,0.22355371020518616,0.22355371020518616
sample_000915,samples/sample_000915.npz,train,11,24,13,25,15,21,0.0016646518534218177,-2.7786765813453753,-0.10758915953667861,1.4578248204109545,1.4578248204109545
sample_000916,samples/sample_000916.npz,train,21,26,13,17,8,11,0.0027730538030638434,-2.557041704115951,-0.07103324511678288,1.0270028765872141,1.0270028765872141
sample_000917,samples/sample_000917.npz,train,27,38,16,31,15,20,0.017618133698663843,-1.7540400986084235,-1.052056221406024,14.154020256265916,14.154020256265916
sample_000918,samples/sample_000918.npz,train,38,42,19,26,8,14,0.00010748490052209312,-3.968652541148564,-0.005234281937969527,0.07889781481476514,0.07889781481476514
sample_000919,samples/sample_000919.npz,train,38,43,40,46,16,22,0.027433664987682165,-1.5617161691507846,-0.31112448014297117,4.678981612080553,4.678981612080553
sample_000920,samples/sample_000920.npz,train,29,44,34,48,10,17,0.019800611636497416,-1.7033213942711414,-4.217583362916905,50.23595053672365,50.23595053672365
sample_000921,samples/sample_000921.npz,train,30,46,25,35,12,17,0.0029987821766414738,-2.523055079061506,-0.2967185379317599,3.651445649280786,3.651445649280786
sample_000922,samples/sample_000922.npz,train,30,46,10,14,8,14,0.00011595286892834368,-3.935718501494863,-0.0124168599784326,0.1443980141419033,0.1443980141419033
sample_000923,samples/sample_000923.npz,train,27,32,40,53,16,19,0.0006108515025144165,-3.2140643535493636,-0.008854388500974643,0.12585471261900946,0.12585471261900946
sample_000924,samples/sample_000924.npz,train,22,30,28,32,8,11,0.029452369017063235,-1.5308797667628253,-1.1886427002898043,16.06548341537405,16.06548341537405
sample_000925,samples/sample_000925.npz,train,16,24,39,50,8,11,0.0032871820251664094,-2.4831762465309213,-0.32269074553279026,4.04191674366276,4.04191674366276
sample_000926,samples/sample_000926.npz,train,16,30,10,21,9,13,0.0013973936191785934,-2.8546812441658704,-0.2146798726851325,2.4499268606763205,2.4499268606763205
sample_000927,samples/sample_000927.npz,train,29,34,39,48,12,15,0.009418607618641174,-2.0260132955336854,-0.199251604159391,2.8386812864954276,2.8386812864954276
sample_000928,samples/sample_000928.npz,train,28,33,44,56,6,12,0.0012616015090701786,-2.8990778001955935,-0.20261354682720786,2.704579692846253,2.704579692846253
sample_000929,samples/sample_000929.npz,train,49,56,20,31,12,19,0.012834955029751282,-1.891605648641551,-0.7472588540481325,10.792058978524022,10.792058978524022
sample_000930,samples/sample_000930.npz,train,23,38,19,34,7,10,0.0008424724061861745,-3.0744443148332796,-0.23162576018077027,2.110168650740609,2.110168650740609
sample_000931,samples/sample_000931.npz,train,10,16,21,29,11,15,0.012188614602637766,-1.9140456548920586,-0.4124507782480124,5.907064773612666,5.907064773612666
sample_000932,samples/sample_000932.npz,train,39,46,28,35,13,21,0.0016157776087723542,-2.791618414557358,-0.05520212118265449,0.8317023285423939,0.8317023285423939
sample_000933,samples/sample_000933.npz,train,33,38,18,27,12,20,0.0006269351553709848,-3.2027773764275116,-0.023104565946657912,0.34980254444143805,0.34980254444143805
sample_000934,samples/sample_000934.npz,train,13,25,26,42,12,15,0.0010938667870446404,-2.9610355639020813,-0.08670856187200941,1.0567605033556464,1.0567605033556464
sample_000935,samples/sample_000935.npz,train,22,36,34,45,12,14,0.004723808615233883,-2.325707706111776,-0.23479738323321245,2.840905506824033,2.840905506824033
sample_000936,samples/sample_000936.npz,train,43,52,33,44,7,11,0.045457376323269134,-1.3423956341897725,-7.680396915472377,92.71153447059993,92.71153447059993
sample_000937,samples/sample_000937.npz,train,39,46,41,46,8,13,0.011056187246439406,-1.9563946147413338,-0.635126764326356,9.11007178139215,9.11007178139215
sample_000938,samples/sample_000938.npz,train,14,26,12,27,5,11,0.003331250938870207,-2.4773926512290245,-1.8262651062681499,17.646565322561703,17.646565322561703
sample_000939,samples/sample_000939.npz,train,17,30,15,29,3,6,0.0021765110315045484,-2.6622391273076804,-1.855139644294743,11.324129689759248,11.324129689759248
sample_000940,samples/sample_000940.npz,train,31,39,14,20,11,19,0.01811620648888561,-1.7419327378636376,-0.8697010316629714,13.055256371589424,13.055256371589424
sample_000941,samples/sample_000941.npz,train,26,38,20,36,11,16,0.0035448654064095847,-2.4504002497230295,-0.4748638916365607,5.8288208443119105,5.8288208443119105
sample_000942,samples/sample_000942.npz,train,47,55,41,51,14,17,0.01017444427311969,-1.9924893025655113,-0.2582388608649946,3.6128310049098302,3.6128310049098302
sample_000943,samples/sample_000943.npz,train,28,44,34,48,8,10,0.0715301496944479,-1.1455108660864983,-11.612291710250528,107.88155337467867,107.88155337467867
sample_000944,samples/sample_000944.npz,train,35,47,9,22,3,7,0.024356712947869515,-1.6133813221526614,-21.21202820358709,151.4311264689452,151.4311264689452
sample_000945,samples/sample_000945.npz,train,19,24,20,24,7,15,0.03932119970862061,-1.4053732401052796,-1.962352433703927,31.55347538936737,31.55347538936737
sample_000946,samples/sample_000946.npz,train,27,34,37,42,2,4,0.039953293967393895,-1.3984474092688917,-16.68167400666386,150.15243542963776,150.15243542963776
sample_000947,samples/sample_000947.npz,train,29,40,14,29,16,24,0.09004886856384196,-1.045521739585892,-6.104778590490755,85.48583181705183,85.48583181705183
sample_000948,samples/sample_000948.npz,train,51,55,29,36,9,12,0.00015814925325659105,-3.8009328543793526,-0.00419728099743286,0.06036515239230521,0.06036515239230521
sample_000949,samples/sample_000949.npz,train,17,32,20,24,7,9,0.004847704950546437,-2.314463820823821,-0.3532234417778648,3.5714008001844686,3.5714008001844686
sample_000950,samples/sample_000950.npz,train,42,53,21,30,12,20,0.0002783877646567041,-3.5553498561981396,-0.022205658106766998,0.31382233402780785,0.31382233402780785
sample_000951,samples/sample_000951.npz,train,19,31,10,16,12,16,0.08434133945380641,-1.0739595060864193,-3.481735235098928,46.60812282381232,46.60812282381232
sample_000952,samples/sample_000952.npz,train,16,32,9,18,2,8,0.004763337037744436,-2.3220886881810348,-7.142751497983195,43.93373678046221,43.93373678046221
sample_000953,samples/sample_000953.npz,train,17,22,20,32,12,18,0.03985421814085422,-1.3995257064297464,-1.6679021143914823,24.012828485983658,24.012828485983658
sample_000954,samples/sample_000954.npz,train,26,39,28,41,14,22,0.0003973058823458244,-3.400875004913375,-0.037331006708765255,0.5094929219443327,0.5094929219443327
sample_000955,samples/sample_000955.npz,train,39,51,13,20,15,19,0.011632035642098446,-1.9343442757471623,-0.3260556083997797,4.496079716497042,4.496079716497042
sample_000956,samples/sample_000956.npz,train,36,45,27,39,3,7,0.04143934295418741,-1.3825871392095648,-27.51332488806065,237.46741206696663,237.46741206696663
sample_000957,samples/sample_000957.npz,train,34,42,28,40,3,6,0.0001650723037270395,-3.7823257877156014,-0.08850312968440796,0.760821613312058,0.760821613312058
sample_000958,samples/sample_000958.npz,train,24,32,17,31,7,14,0.000163100684519944,-3.787544216258249,-0.036894973480602576,0.46945011990583296,0.46945011990583296
sample_000959,samples/sample_000959.npz,train,35,50,33,49,15,23,0.006541365278581984,-2.1843315986064327,-0.7259113302120835,9.565371068340637,9.565371068340637
sample_000960,samples/sample_000960.npz,train,10,23,19,34,12,14,0.0015927428905854939,-2.797854324771352,-0.09454816305630488,1.125421432506156,1.125421432506156
sample_000961,samples/sample_000961.npz,train,41,45,35,47,9,15,0.013378014762361126,-1.8736083291481904,-0.8184904959581654,11.632207882692443,11.632207882692443
sample_000962,samples/sample_000962.npz,train,30,46,32,43,7,10,0.0027902908647905967,-2.554350522751726,-0.6649776987153426,6.199751071626571,6.199751071626571
sample_000963,samples/sample_000963.npz,train,10,20,36,51,2,8,0.000173626049886503,-3.7603851151432477,-0.22776874512841916,1.6523302845758252,1.6523302845758252
sample_000964,samples/sample_000964.npz,train,22,27,40,49,14,21,0.007046881755439015,-2.152003015772661,-0.1747995193207982,2.617556067394578,2.617556067394578
sample_000965,samples/sample_000965.npz,train,40,49,37,49,8,11,0.05857569414624322,-1.2322825561309685,-6.8440699377767,82.57974574387667,82.57974574387667
sample_000966,samples/sample_000966.npz,train,26,36,26,40,4,12,0.050188465346353295,-1.2993960838915677,-32.30662530879118,339.21568113484756,339.21568113484756
sample_000967,samples/sample_000967.npz,train,29,40,32,45,16,22,0.00016699606765686005,-3.777293755289744,-0.008513411563289141,0.11836452973085955,0.11836452973085955
sample_000968,samples/sample_000968.npz,train,14,29,22,31,7,15,0.00012084546941761,-3.917769626959391,-0.035730140435803415,0.4154571024610703,0.4154571024610703
sample_000969,samples/sample_000969.npz,train,39,43,17,26,14,19,0.029680135579593123,-1.5275341195205487,-0.48930792341603935,7.23895332143123,7.23895332143123
sample_000970,samples/sample_000970.npz,train,16,31,29,37,5,8,0.011247540469924683,-1.9489424355188434,-3.715124166436281,31.58948270305453,31.58948270305453
sample_000971,samples/sample_000971.npz,train,24,39,37,42,13,18,0.07587413356057354,-1.1199062552842025,-3.0820471882182705,40.347426912098136,40.347426912098136
sample_000972,samples/sample_000972.npz,train,45,50,40,52,12,14,0.009159827882475206,-2.038112686855462,-0.18209009421826666,2.5085000865638145,2.5085000865638145
sample_000973,samples/sample_000973.npz,train,50,55,34,48,10,14,0.025173545770825895,-1.5990556084385954,-1.408419341092641,18.91276754146637,18.91276754146637
sample_000974,samples/sample_000974.npz,train,34,38,20,34,16,20,0.0013393307293138451,-2.873112166691997,-0.020561494007246096,0.29386657700617663,0.29386657700617663
sample_000975,samples/sample_000975.npz,train,41,56,32,37,7,12,0.0002216630741291632,-3.6543066480565147,-0.033504633980582656,0.37276834809840675,0.37276834809840675
sample_000976,samples/sample_000976.npz,train,37,49,21,31,4,6,0.00013171804038166743,-3.8803547390727866,-0.048197904818132666,0.3768574655414122,0.3768574655414122
sample_000977,samples/sample_000977.npz,train,8,20,33,49,3,6,0.019957318024351606,-1.6998978220408896,-16.645793037450733,103.53381612266216,103.53381612266216
sample_000978,samples/sample_000978.npz,train,23,27,28,36,10,17,0.08305719004030755,-1.0806227658655794,-3.07106181571193,46.66507200603512,46.66507200603512
sample_000979,samples/sample_000979.npz,train,10,26,35,49,8,15,0.033135860344501354,-1.4797017488387274,-11.227939283937927,120.92390024800447,120.92390024800447
sample_000980,samples/sample_000980.npz,train,14,27,26,42,5,10,0.04350577462231388,-1.3614530943060563,-24.791976525152805,216.6439375770375,216.6439375770375
sample_000981,samples/sample_000981.npz,train,11,20,47,55,4,12,0.010664462170356975,-1.9720610419806968,-4.268381196729365,54.059384821698444,54.059384821698444
sample_000982,samples/sample_000982.npz,train,38,44,14,28,7,9,0.0004614250066095091,-3.335898872887673,-0.04034828556409693,0.4737757974434428,0.4737757974434428
sample_000983,samples/sample_000983.npz,train,30,45,38,44,4,8,0.02052289113908457,-1.6877614585063387,-8.877545863187752,74.6334531564422,74.6334531564422
sample_000984,samples/sample_000984.npz,train,32,39,37,44,16,20,0.015097619829025572,-1.8210915147331872,-0.21330261809885537,3.110850658895349,3.110850658895349
sample_000985,samples/sample_000985.npz,train,42,53,21,35,4,11,0.00514044324264374,-2.288999431678874,-3.5289345194170574,34.14159433002327,34.14159433002327
sample_000986,samples/sample_000986.npz,train,45,50,41,52,12,15,0.0005661525773562395,-3.247066511260291,-0.014275873891220455,0.20009224243850643,0.20009224243850643
sample_000987,samples/sample_000987.npz,train,26,30,29,40,14,19,0.0006339113162865253,-3.197971495338094,-0.012549115343460747,0.18331058663898847,0.18331058663898847
sample_000988,samples/sample_000988.npz,train,30,42,22,36,11,18,0.0891857991782532,-1.0497042916945234,-12.818014584790678,166.10605804062868,166.10605804062868
sample_000989,samples/sample_000989.npz,train,39,44,34,44,5,11,0.013579883784967502,-1.8671039466802073,-2.578553673441057,34.92976663804218,34.92976663804218
sample_000990,samples/sample_000990.npz,train,21,32,12,22,15,18,0.07738265215628856,-1.1113563896690155,-2.255931664533656,30.732249882515745,30.732249882515745
sample_000991,samples/sample_000991.npz,train,10,18,42,50,16,20,0.000960315913846852,-3.017585874178371,-0.01757393878933132,0.25330885964830285,0.25330885964830285
sample_000992,samples/sample_000992.npz,train,36,43,15,28,2,10,0.0034321729301522103,-2.464430838329508,-3.177051544157724,32.07350390553392,32.07350390553392
sample_000993,samples/sample_000993.npz,train,18,34,38,44,14,21,0.0700426922611538,-1.154637169103562,-3.6607855063254147,48.964874757384614,48.964874757384614
sample_000994,samples/sample_000994.npz,train,8,21,12,27,15,21,0.00032390634029003297,-3.4895805508288933,-0.025412790751407503,0.3376834145697576,0.3376834145697576
sample_000995,samples/sample_000995.npz,train,29,45,45,55,5,7,0.0831156700507144,-1.080317089633541,-26.401876784019784,195.65411512342126,195.65411512342126
sample_000996,samples/sample_000996.npz,train,30,45,29,40,2,4,0.0017124058857128325,-2.766393288120949,-1.9028623323105085,8.10822017219942,8.10822017219942
sample_000997,samples/sample_000997.npz,train,51,56,40,52,11,18,0.00022196668975382544,-3.6537121946553572,-0.012012336057816235,0.17440887801552682,0.17440887801552682
sample_000998,samples/sample_000998.npz,train,18,29,31,45,15,18,0.0003803688288608116,-3.4197950806106086,-0.014906307016338424,0.19776450119848854,0.19776450119848854
sample_000999,samples/sample_000999.npz,train,15,25,9,15,15,20,0.002629647544533301,-2.580102456727697,-0.06176696855913155,0.8836419800841505,0.8836419800841505
