sample_id,relative_path,split,x_start,x_end,y_start,y_end,z_start,z_end,susceptibility_si,tmi_min_nt,tmi_max_nt
sample_000000,samples/sample_000000.npz,train,21,37,45,50,16,19,0.04830976750599072,-0.8857455464460326,11.632621645798006
sample_000001,samples/sample_000001.npz,train,42,49,34,43,7,12,0.039683749050188746,-5.022029950165055,67.68457894393725
sample_000002,samples/sample_000002.npz,train,45,53,24,40,13,20,0.038499973082016976,-2.9582315769237364,40.816719097022045
sample_000003,samples/sample_000003.npz,train,26,33,8,20,10,15,0.04911894392562448,-3.844245608176134,52.42860205438312
sample_000004,samples/sample_000004.npz,train,44,54,20,32,14,16,0.021850384022255677,-0.5861443605983929,7.824000264022693
sample_000005,samples/sample_000005.npz,train,46,54,42,49,16,20,0.05518046049235029,-0.8888772637453511,12.879118744870885
sample_000006,samples/sample_000006.npz,train,25,35,24,37,8,13,0.057586580002145976,-10.510710195091617,127.55456065324402
sample_000007,samples/sample_000007.npz,train,40,54,34,48,15,20,0.08852891225225651,-6.279849324162847,81.9985839334519
sample_000008,samples/sample_000008.npz,train,16,29,40,53,13,16,0.0990744432862873,-5.999776942128401,75.58097534936365
sample_000009,samples/sample_000009.npz,train,39,50,32,36,14,17,0.04398777892753636,-0.6355011685662295,8.796283845810573
sample_000010,samples/sample_000010.npz,train,16,32,37,53,10,17,0.06936337017329094,-17.30136317380882,197.57384418808041
sample_000011,samples/sample_000011.npz,train,50,55,13,25,7,15,0.07757687209728543,-10.305717307792557,147.59834747671934
sample_000012,samples/sample_000012.npz,train,16,31,23,32,10,16,0.07660920258579275,-10.552082955642717,129.01058097057157
sample_000013,samples/sample_000013.npz,train,8,19,43,53,5,12,0.07442144186775494,-30.352130288438392,346.81374373844193
sample_000014,samples/sample_000014.npz,train,23,28,10,19,15,20,0.0019336883342920422,-0.03375855697867295,0.4971837100189185
sample_000015,samples/sample_000015.npz,train,21,34,24,32,14,17,0.05848742021596922,-1.9302241368559736,25.5439023619719
sample_000016,samples/sample_000016.npz,train,19,35,21,36,4,10,0.0878613697436218,-82.75114123795473,605.715345482814
sample_000017,samples/sample_000017.npz,train,45,52,18,28,6,13,0.03256369581192627,-6.561381535897144,89.26273507011854
sample_000018,samples/sample_000018.npz,train,34,45,17,28,13,17,0.06976164115689469,-3.836956462649131,51.2427508647112
sample_000019,samples/sample_000019.npz,train,26,37,36,42,12,20,0.009634832840560693,-0.524423320757257,7.548451560375245
sample_000020,samples/sample_000020.npz,train,25,38,21,29,6,11,0.041557793780743896,-11.170598323726113,121.27898870535495
sample_000021,samples/sample_000021.npz,train,30,36,11,21,3,8,0.024567051899387904,-11.058339999606016,123.37947760684793
sample_000022,samples/sample_000022.npz,train,22,31,40,56,7,15,0.033245468121103586,-9.538726855879087,117.1931655372972
sample_000023,samples/sample_000023.npz,train,28,42,29,34,5,13,0.0041876201457651885,-1.1934192437031934,13.826551257045764
sample_000024,samples/sample_000024.npz,train,28,39,13,18,15,17,0.09269554254474115,-1.013518996806845,13.985727273553916
sample_000025,samples/sample_000025.npz,train,20,31,17,26,5,9,0.017261358255384152,-5.501099463107411,57.35415734844986
sample_000026,samples/sample_000026.npz,train,38,51,33,41,7,9,0.03472372066956304,-4.147327821240902,43.05580348357136
sample_000027,samples/sample_000027.npz,train,19,35,11,27,15,17,0.07263992201973295,-3.2534764249571846,39.262944648074075
sample_000028,samples/sample_000028.npz,train,24,37,41,49,10,18,0.023172247947886238,-2.8187993675860077,37.839591690745266
sample_000029,samples/sample_000029.npz,train,26,33,21,30,5,8,0.07993674619257583,-14.854025772948779,175.23358685435258
sample_000030,samples/sample_000030.npz,train,45,51,24,39,15,22,0.016271219708960307,-0.654844616700784,9.39710602279806
sample_000031,samples/sample_000031.npz,train,12,21,32,39,7,9,0.003472448407557399,-0.2673508304725103,3.2521339890409315
sample_000032,samples/sample_000032.npz,train,35,46,18,34,9,14,0.08752182473948865,-16.10909886207728,189.50156194113208
sample_000033,samples/sample_000033.npz,train,29,38,24,34,4,9,0.05823185061953052,-25.53593897349419,272.84775088371504
sample_000034,samples/sample_000034.npz,train,28,36,18,32,9,17,0.035570980838235275,-5.373866474182454,73.22951934798935
sample_000035,samples/sample_000035.npz,train,35,50,42,55,7,11,0.0733198962266693,-21.93698249623746,212.8958877999155
sample_000036,samples/sample_000036.npz,train,38,54,36,47,10,15,0.019731449588843018,-3.1253560038720956,35.981595988221436
sample_000037,samples/sample_000037.npz,train,30,38,25,33,16,19,0.06894330690089306,-1.0193202955005805,14.594942956163388
sample_000038,samples/sample_000038.npz,train,23,35,25,35,8,10,0.06204364959200199,-6.201478935981632,69.01911515042595
sample_000039,samples/sample_000039.npz,train,36,40,26,34,6,10,0.05823653990330279,-4.760289922047732,65.95928224046504
sample_000040,samples/sample_000040.npz,train,29,40,30,46,9,12,0.056966064923636095,-7.662996997458647,86.40423756099105
sample_000041,samples/sample_000041.npz,train,24,39,23,27,3,8,0.001962429828241212,-0.9551094676751234,7.977861065656702
sample_000042,samples/sample_000042.npz,train,24,30,37,46,2,7,0.01452111275460494,-9.702114004306148,100.31406609009231
sample_000043,samples/sample_000043.npz,train,29,36,27,42,5,8,0.0913063510719725,-22.86654579380018,237.29655999117224
sample_000044,samples/sample_000044.npz,train,24,31,19,33,13,20,0.07685144143302779,-4.640444991411791,65.66963059549707
sample_000045,samples/sample_000045.npz,train,32,38,14,23,4,11,0.0487299065443271,-14.605046710077941,195.46234765191147
sample_000046,samples/sample_000046.npz,train,25,41,42,56,6,8,0.04010714138071451,-11.163153452082598,86.77736205404821
sample_000047,samples/sample_000047.npz,train,13,18,47,56,6,8,0.07720461072843297,-5.7758204472760415,73.62592732675277
sample_000048,samples/sample_000048.npz,train,35,47,17,21,8,11,0.018295749426159646,-1.0765653448347952,12.989276402270692
sample_000049,samples/sample_000049.npz,train,16,30,21,26,3,8,0.07160337841611815,-40.06208427957202,338.84585547108105
sample_000050,samples/sample_000050.npz,train,27,43,28,38,6,14,0.01888438224227922,-8.278772823880868,87.2678766791964
sample_000051,samples/sample_000051.npz,train,20,25,38,51,3,9,0.09479638891156235,-42.7734727621915,486.2673205709457
sample_000052,samples/sample_000052.npz,train,14,20,18,30,14,16,0.07554425157219781,-1.2313776583247464,17.169342345401002
sample_000053,samples/sample_000053.npz,train,40,45,22,34,11,15,0.06713218965108755,-2.701044324637187,37.63773649622374
sample_000054,samples/sample_000054.npz,train,14,23,10,23,16,19,0.049225869641926774,-1.272967625503991,17.578215283282358
sample_000055,samples/sample_000055.npz,train,23,31,34,39,8,13,0.03451474554414607,-2.2537486393689523,31.611204818787808
sample_000056,samples/sample_000056.npz,train,16,28,45,49,5,9,0.03640685242367981,-6.347571439271493,68.76828669365236
sample_000057,samples/sample_000057.npz,train,25,37,10,17,13,16,0.045486887379264686,-1.4712779957255437,19.602705015068924
sample_000058,samples/sample_000058.npz,train,14,22,41,49,7,11,0.01858710108301139,-2.1890777397445302,28.317050786545536
sample_000059,samples/sample_000059.npz,train,44,53,31,40,3,11,0.09258191250280683,-57.89994759864696,663.2018951309408
sample_000060,samples/sample_000060.npz,train,32,40,26,33,6,14,0.021678602977478322,-3.767579978738041,54.10361261587199
sample_000061,samples/sample_000061.npz,train,16,30,46,53,8,13,0.05151472972727893,-7.700088224598782,90.44932090382271
sample_000062,samples/sample_000062.npz,train,9,22,27,42,2,7,0.09605295446138463,-150.47311943085785,856.183954597839
sample_000063,samples/sample_000063.npz,train,34,45,10,21,8,13,0.04210866320532166,-7.392546810097953,89.95746565076469
sample_000064,samples/sample_000064.npz,train,30,37,20,27,14,19,0.018194786497344354,-0.4121485347878385,6.016922796269995
sample_000065,samples/sample_000065.npz,train,39,45,24,28,4,6,0.015681495068353642,-1.5951551869394613,19.729008539497144
sample_000066,samples/sample_000066.npz,train,34,49,9,16,4,7,0.027984051279333205,-12.114256060423694,94.07511798924543
sample_000067,samples/sample_000067.npz,train,29,45,34,47,8,16,0.050815947608171104,-17.022760852801813,190.75948524850264
sample_000068,samples/sample_000068.npz,train,22,35,11,20,12,16,0.08381841646600523,-5.436025762651307,69.99748651942429
sample_000069,samples/sample_000069.npz,train,35,49,36,48,8,13,0.04512269665898311,-10.528074623416417,116.96035990049077
sample_000070,samples/sample_000070.npz,train,41,50,40,47,2,4,0.004407430922000733,-2.787314170725093,19.680100660777917
sample_000071,samples/sample_000071.npz,train,44,54,36,52,6,11,0.09383680137138048,-32.22532017950114,339.89074830040596
sample_000072,samples/sample_000072.npz,train,24,39,42,54,10,17,0.0881741999765657,-16.58795556950368,202.0899109821844
sample_000073,samples/sample_000073.npz,train,40,46,8,15,7,13,0.09515607130908364,-8.93469052361483,129.73412314587168
sample_000074,samples/sample_000074.npz,train,16,26,36,49,15,21,0.012594833686685517,-0.6787080383577346,9.464415864556251
sample_000075,samples/sample_000075.npz,train,17,28,32,40,13,17,0.06302146263710481,-2.598723062283854,35.40776712490263
sample_000076,samples/sample_000076.npz,train,39,48,39,46,13,17,0.018781896552766637,-0.5636369152554137,7.915901219083233
sample_000077,samples/sample_000077.npz,train,14,28,37,42,15,21,0.04468300729903539,-1.355422016391221,18.706265565003708
sample_000078,samples/sample_000078.npz,train,25,36,36,46,8,11,0.01726709072424426,-2.1177307941844656,24.862681839780436
sample_000079,samples/sample_000079.npz,train,11,19,8,12,3,6,0.09551360811434684,-24.92464989435414,266.84157859744744
sample_000080,samples/sample_000080.npz,train,32,45,33,41,3,8,0.03549328626557968,-27.020662608506143,220.01825206649204
sample_000081,samples/sample_000081.npz,train,33,41,12,27,2,5,0.04734727494408724,-43.06446395437395,292.0809881701107
sample_000082,samples/sample_000082.npz,train,22,26,25,31,16,19,0.03706758998027083,-0.20949755401911752,3.1055253626521377
sample_000083,samples/sample_000083.npz,train,9,21,29,39,5,11,0.003978173058496006,-1.6947516180221076,17.97850882926746
sample_000084,samples/sample_000084.npz,train,40,49,39,47,13,15,0.060064655391012585,-1.2197939021925968,16.740462826266597
sample_000085,samples/sample_000085.npz,train,11,15,35,43,8,14,0.09942259567239027,-5.460544823233607,80.97436491436581
sample_000086,samples/sample_000086.npz,train,41,45,10,17,7,14,0.09327641666141376,-6.155588453103085,94.58409844503392
sample_000087,samples/sample_000087.npz,train,14,30,25,34,2,4,0.07869464616159516,-84.19188703240225,365.61420110463905
sample_000088,samples/sample_000088.npz,train,11,27,19,35,2,7,0.08416409043866102,-156.54393437893333,750.3832298477355
sample_000089,samples/sample_000089.npz,train,25,40,10,17,5,7,0.016726535746058483,-3.9146913280970552,32.346246940579654
sample_000090,samples/sample_000090.npz,train,31,35,39,44,13,15,0.018004041656741344,-0.10559859020523504,1.552411362251612
sample_000091,samples/sample_000091.npz,train,31,37,40,54,15,20,0.015113847505608603,-0.47052078909598827,6.669923780583919
sample_000092,samples/sample_000092.npz,train,14,30,25,30,16,24,0.019907332661209972,-0.6878474411027674,9.531792792612121
sample_000093,samples/sample_000093.npz,train,46,51,39,47,3,5,0.06921188058387874,-16.34942199718801,178.00497303302018
sample_000094,samples/sample_000094.npz,train,18,28,35,43,6,11,0.0038471564893353045,-0.8211074441259377,9.906668816038957
sample_000095,samples/sample_000095.npz,train,26,32,42,53,5,10,0.029929045353730366,-6.877579967697088,85.44437636995278
sample_000096,samples/sample_000096.npz,train,45,54,30,44,6,13,0.014272558574265737,-4.6325749799986315,55.303690645131496
sample_000097,samples/sample_000097.npz,train,17,22,27,38,13,16,0.02347597758577545,-0.4887445066365902,6.911975763381558
sample_000098,samples/sample_000098.npz,train,16,30,31,41,13,20,0.04783466083251038,-4.202008786045939,56.20770263406971
sample_000099,samples/sample_000099.npz,train,13,17,17,21,8,11,0.07888827471513775,-1.6233320315100195,23.762372912403308
sample_000100,samples/sample_000100.npz,train,13,17,29,42,3,8,0.08350070398917124,-29.675159151987998,331.63139137460234
sample_000101,samples/sample_000101.npz,train,13,21,43,56,8,11,0.035206327981320666,-3.900176324260234,47.33408719964706
sample_000102,samples/sample_000102.npz,train,37,47,16,27,6,11,0.04683295057673322,-12.728526775578812,146.71694347890153
sample_000103,samples/sample_000103.npz,train,39,53,23,30,10,14,0.09963912355036421,-8.294652701793868,101.49092446215437
sample_000104,samples/sample_000104.npz,train,23,33,36,50,3,6,0.012161011842861787,-8.34467739793282,60.96000652146727
sample_000105,samples/sample_000105.npz,train,18,31,29,42,5,8,0.018801692024191023,-7.544101684613285,63.452463139675004
sample_000106,samples/sample_000106.npz,train,29,40,25,32,14,16,0.05144281375718855,-0.9283235594572384,12.567012665791244
sample_000107,samples/sample_000107.npz,train,46,53,41,55,13,16,0.008648639583724544,-0.3072204221806303,4.15285685559547
sample_000108,samples/sample_000108.npz,train,31,47,43,55,10,12,0.06181989482936256,-5.6374940176849035,60.225133194896934
sample_000109,samples/sample_000109.npz,train,28,38,27,34,6,11,0.04269604646193825,-8.13264631838997,100.32676374789663
sample_000110,samples/sample_000110.npz,train,15,22,25,31,2,7,0.033619839439775534,-20.062110339902986,218.56510802629518
sample_000111,samples/sample_000111.npz,train,33,37,23,31,8,16,0.06952599445747863,-4.15795647285192,64.2949223414506
sample_000112,samples/sample_000112.npz,train,9,22,25,30,15,20,0.04614570345330772,-1.1681302984463988,16.169011429037702
sample_000113,samples/sample_000113.npz,train,45,55,20,30,9,13,0.04967731645581743,-5.193574032706528,66.22709624509243
sample_000114,samples/sample_000114.npz,train,41,56,27,43,15,17,0.05946965415207522,-2.508233260117385,30.760485925299633
sample_000115,samples/sample_000115.npz,train,40,52,40,54,7,9,0.06732631851826766,-11.083435815198154,109.55636976104319
sample_000116,samples/sample_000116.npz,train,44,49,22,35,13,19,0.03671923423431921,-1.3814251514074622,19.808992660953155
sample_000117,samples/sample_000117.npz,train,9,13,14,23,3,11,0.01310415481699308,-3.8712748945333146,55.730606733736636
sample_000118,samples/sample_000118.npz,train,27,43,50,56,9,17,0.021128061161474875,-2.917515289124738,36.390874023204674
sample_000119,samples/sample_000119.npz,train,11,17,27,37,7,15,0.03873849687536053,-5.3214544996192465,77.26760900911606
sample_000120,samples/sample_000120.npz,train,44,49,17,31,3,5,0.08803615884176157,-26.676946667762103,246.92387381695661
sample_000121,samples/sample_000121.npz,train,39,45,46,55,3,6,0.07316767138469867,-26.571960634675886,276.4135068970606
sample_000122,samples/sample_000122.npz,train,41,47,29,42,14,22,0.09977545896878005,-4.408119531474649,64.69867240403237
sample_000123,samples/sample_000123.npz,train,20,33,14,29,5,9,0.032947939198642216,-16.508690159032433,140.55308083385398
sample_000124,samples/sample_000124.npz,train,45,55,35,46,2,10,0.07170157345590626,-83.15151415226732,739.2474128813278
sample_000125,samples/sample_000125.npz,train,13,19,17,33,15,21,0.030340385758644593,-1.181798369867203,16.669397846459184
sample_000126,samples/sample_000126.npz,train,24,32,44,50,13,15,0.010020475979175464,-0.1386622323639187,1.9527325484096012
sample_000127,samples/sample_000127.npz,train,24,31,48,52,5,13,0.07443496831852808,-9.185174039838692,141.49250844368584
sample_000128,samples/sample_000128.npz,train,29,35,39,55,4,11,0.028112955178263874,-11.981269933119455,135.1799969759437
sample_000129,samples/sample_000129.npz,train,11,20,21,34,13,15,0.0873335819279293,-2.7128454491853966,35.807815028097394
sample_000130,samples/sample_000130.npz,train,23,31,11,23,9,16,0.0404952125930964,-5.180535000831216,71.11567266188095
sample_000131,samples/sample_000131.npz,train,18,22,26,35,6,14,0.0026995505570905427,-0.29717322526957124,4.516647789837056
sample_000132,samples/sample_000132.npz,train,43,53,39,54,15,17,0.0896912392567321,-2.4462590126466077,32.349176961459435
sample_000133,samples/sample_000133.npz,train,34,42,22,33,10,18,0.07455891916293456,-7.572672343181235,108.23143418341114
sample_000134,samples/sample_000134.npz,train,18,33,40,52,15,21,0.010231404490166181,-0.7576214097914084,9.998776223778274
sample_000135,samples/sample_000135.npz,train,23,28,38,52,7,11,0.0023377006781750706,-0.26694075764324826,3.3591520592791184
sample_000136,samples/sample_000136.npz,train,11,16,48,56,2,6,0.07224045211032706,-37.50658844347825,407.18609900606634
sample_000137,samples/sample_000137.npz,train,16,25,19,30,15,19,0.05953324161895106,-1.9225173299289913,26.893609191117353
sample_000138,samples/sample_000138.npz,train,24,36,24,35,5,9,0.018271215418501335,-7.174505161902956,69.01744355788705
sample_000139,samples/sample_000139.npz,train,39,50,25,37,14,16,0.09551419858640864,-2.8081234134568085,36.90941537011309
sample_000140,samples/sample_000140.npz,train,19,25,26,42,15,17,0.0482545506265616,-0.8414312464407752,11.454544844291231
sample_000141,samples/sample_000141.npz,train,12,17,30,38,6,13,0.06188598550450865,-7.520984838924537,111.35531455441273
sample_000142,samples/sample_000142.npz,train,34,47,20,35,5,8,0.04018940819216146,-17.270648434062927,140.19592593379272
sample_000143,samples/sample_000143.npz,train,28,40,17,31,15,22,0.02954760978485678,-2.2084552745479726,30.240243006577842
sample_000144,samples/sample_000144.npz,train,17,21,37,47,13,21,0.04018470044569811,-1.1019497821756465,16.70659601920415
sample_000145,samples/sample_000145.npz,train,25,35,10,25,12,20,0.08987237055301746,-10.203882668129761,139.38309156867257
sample_000146,samples/sample_000146.npz,train,8,19,35,48,7,10,0.05871658816075143,-11.295396634992109,120.90270157362409
sample_000147,samples/sample_000147.npz,train,16,29,27,40,9,11,0.07182847375420151,-7.272913691348283,79.12479255428214
sample_000148,samples/sample_000148.npz,train,50,54,26,35,11,17,0.08293508098645794,-2.610734468130215,38.740801760652715
sample_000149,samples/sample_000149.npz,train,25,40,18,25,2,4,0.0721333302971275,-65.49781957410009,323.33346005743124
sample_000150,samples/sample_000150.npz,train,31,40,22,30,9,12,0.03853957001764589,-2.5263906825789193,32.971056499478
sample_000151,samples/sample_000151.npz,train,10,14,26,34,9,12,0.013105586090533021,-0.39201977655173914,5.556678981033587
sample_000152,samples/sample_000152.npz,train,10,23,21,31,8,14,0.06463253637069978,-13.253116867369732,158.8288482652929
sample_000153,samples/sample_000153.npz,train,47,54,45,56,4,12,0.07953112686412554,-31.936427138340086,407.17570505133057
sample_000154,samples/sample_000154.npz,train,8,20,39,49,13,15,0.01956882664950406,-0.6400985130200636,8.286453954607461
sample_000155,samples/sample_000155.npz,train,31,37,39,49,14,18,0.01868940206385329,-0.43911281681471276,6.316230770782315
sample_000156,samples/sample_000156.npz,train,18,23,34,49,3,8,0.05664184210681051,-26.293963751970423,272.8717688368229
sample_000157,samples/sample_000157.npz,train,19,24,45,54,10,15,0.05204001081431182,-2.2957359900603747,33.137859939244514
sample_000158,samples/sample_000158.npz,train,38,48,20,30,3,5,0.013177869168902394,-6.389788959601148,47.52689505084037
sample_000159,samples/sample_000159.npz,train,36,52,36,41,8,14,0.015912580498164366,-2.1128846742854637,24.462314595579027
sample_000160,samples/sample_000160.npz,train,46,55,9,20,11,19,0.06997025021689449,-6.590098972645677,93.50616370702471
sample_000161,samples/sample_000161.npz,train,38,52,17,21,16,24,0.08061228537424045,-1.9676367851746983,27.98694954862751
sample_000162,samples/sample_000162.npz,train,39,48,9,14,13,20,0.05114161572106109,-1.5238479562643625,22.378029854466558
sample_000163,samples/sample_000163.npz,train,44,54,34,48,4,6,0.052389995959196585,-19.093285222274954,153.28733743285014
sample_000164,samples/sample_000164.npz,train,21,30,31,43,3,5,0.0746645197146162,-35.60585942063221,268.80459437919944
sample_000165,samples/sample_000165.npz,train,22,34,16,27,12,20,0.07686108712414204,-7.985443382892204,109.77814851368255
sample_000166,samples/sample_000166.npz,train,9,14,22,32,7,12,0.09045664030867014,-9.013363898471175,124.20317790197244
sample_000167,samples/sample_000167.npz,train,42,47,39,50,16,23,0.028541454082509035,-0.6286014048134841,9.335980129144591
sample_000168,samples/sample_000168.npz,train,25,35,33,44,16,21,0.020060574795421133,-0.7153323479662376,10.071071295018566
sample_000169,samples/sample_000169.npz,train,25,34,13,26,3,8,0.059988321863381405,-43.97067111870615,392.55426522674753
sample_000170,samples/sample_000170.npz,train,50,55,11,21,15,19,0.08704351989210335,-1.4448951926859726,20.97077559970509
sample_000171,samples/sample_000171.npz,train,41,50,14,18,6,8,0.056543513943086786,-3.691997001119863,44.49772156818296
sample_000172,samples/sample_000172.npz,train,40,49,35,43,12,14,0.0330775030238417,-0.8197777264825226,11.1148043882089
sample_000173,samples/sample_000173.npz,train,25,35,24,30,4,11,0.08353414399861903,-28.9274488352447,353.3041135616806
sample_000174,samples/sample_000174.npz,train,32,40,37,51,7,12,0.06020187561729567,-11.986516723509572,145.29180644877854
sample_000175,samples/sample_000175.npz,train,29,40,36,49,6,12,0.07904965897788606,-27.996792772656203,310.3854599463773
sample_000176,samples/sample_000176.npz,train,16,32,31,38,9,13,0.057042261769904734,-6.71670143962405,75.4763461563785
sample_000177,samples/sample_000177.npz,train,21,33,35,41,9,15,0.02643727726115589,-2.541512341022311,33.438271953275994
sample_000178,samples/sample_000178.npz,train,21,32,39,55,11,14,0.07453824330264515,-6.5932542214408905,79.42788634163583
sample_000179,samples/sample_000179.npz,train,13,29,26,31,11,14,0.003174796865722993,-0.1451685536663276,1.7270131590214448
sample_000180,samples/sample_000180.npz,train,28,35,26,32,7,13,0.029167372149034566,-2.770819208321669,39.725004575832116
sample_000181,samples/sample_000181.npz,train,27,38,34,42,7,14,0.07011344592082297,-13.756280682099675,177.15917880059914
sample_000182,samples/sample_000182.npz,train,23,38,28,36,9,15,0.08096693524445041,-12.425596424279597,149.13214943005505
sample_000183,samples/sample_000183.npz,train,21,34,39,50,16,22,0.04172891867865551,-2.1498692097740646,29.588433662112735
sample_000184,samples/sample_000184.npz,train,15,22,44,48,11,16,0.07262842262634846,-1.6807745065784911,24.631330174357384
sample_000185,samples/sample_000185.npz,train,25,33,35,40,9,17,0.08011743939470316,-4.852531846271523,73.05082406076559
sample_000186,samples/sample_000186.npz,train,19,23,28,32,5,13,0.06341916728948854,-4.553676274429678,76.08863708286768
sample_000187,samples/sample_000187.npz,train,40,45,8,24,15,17,0.0627386172810955,-0.9139380427418244,12.495968991568473
sample_000188,samples/sample_000188.npz,train,45,54,45,51,8,13,0.033913363332360454,-2.935383872808595,39.680141125315295
sample_000189,samples/sample_000189.npz,train,30,35,11,23,5,8,0.013781666572338744,-2.2490266834000954,26.475601178632502
sample_000190,samples/sample_000190.npz,train,30,35,18,31,2,7,0.01388116512622748,-9.343065387045291,92.17358418746076
sample_000191,samples/sample_000191.npz,train,43,55,29,35,15,17,0.040125485980912125,-0.5686921335931393,7.735540942068885
sample_000192,samples/sample_000192.npz,train,34,48,9,18,8,13,0.09397725403693405,-17.457078518850107,200.82404471880238
sample_000193,samples/sample_000193.npz,train,11,21,33,37,15,22,0.08129113240418238,-1.5559009141059839,22.84130240679251
sample_000194,samples/sample_000194.npz,train,33,46,40,47,7,15,0.08122862779056839,-16.998888212614588,215.1927250730643
sample_000195,samples/sample_000195.npz,train,28,44,9,17,9,12,0.03648331705423987,-4.048651808614529,43.972517791462536
sample_000196,samples/sample_000196.npz,train,20,26,10,21,3,11,0.05683181501862807,-28.11808664190527,348.05346390548186
sample_000197,samples/sample_000197.npz,train,32,42,10,15,3,5,0.0873299497152509,-27.119387232133075,234.14416284027814
sample_000198,samples/sample_000198.npz,train,26,37,32,47,5,9,0.0965725393544817,-41.921078217692,387.8685412957323
sample_000199,samples/sample_000199.npz,train,19,31,36,51,5,10,0.0703410618015294,-36.26487749392551,336.43399055440364
sample_000200,samples/sample_000200.npz,train,8,20,45,56,12,18,0.010213940561778798,-0.9295711734450851,12.399004724490432
sample_000201,samples/sample_000201.npz,train,35,46,44,48,15,21,0.07353361802653675,-1.420303259856206,20.400043783250503
sample_000202,samples/sample_000202.npz,train,17,33,33,45,12,16,0.046324900433228906,-4.669093944309525,55.63741602412779
sample_000203,samples/sample_000203.npz,train,25,37,23,36,7,15,0.0915119215695944,-29.6676091248804,355.0194475516988
sample_000204,samples/sample_000204.npz,train,39,45,21,37,15,21,0.05117736993393807,-1.9934266117433705,28.11750474203422
sample_000205,samples/sample_000205.npz,train,35,42,40,49,13,21,0.012517343375315671,-0.5421720599862823,8.076724775269392
sample_000206,samples/sample_000206.npz,train,24,36,12,20,7,10,0.07761044540846966,-11.295245907867244,125.89957314368642
sample_000207,samples/sample_000207.npz,train,37,45,33,49,5,9,0.03805348911093804,-12.87658267175615,130.96492422092558
sample_000208,samples/sample_000208.npz,train,37,52,42,53,10,12,0.06972345950582617,-5.617793308104528,61.9465311490235
sample_000209,samples/sample_000209.npz,train,12,19,17,32,5,11,0.057763135262936284,-19.570755923035676,224.73457621174663
sample_000210,samples/sample_000210.npz,train,18,28,21,31,5,11,0.09284500679222875,-33.69806068060517,385.75756711758083
sample_000211,samples/sample_000211.npz,train,34,42,19,29,10,12,0.02493046023886292,-1.0381310445430514,13.628647893569516
sample_000212,samples/sample_000212.npz,train,29,36,40,56,10,18,0.09802637624515294,-11.839439064903381,161.21719714923196
sample_000213,samples/sample_000213.npz,train,27,41,13,28,15,19,0.06590395880223911,-4.257404219086094,54.591667538333674
sample_000214,samples/sample_000214.npz,train,41,52,15,28,6,8,0.043567900132965305,-8.503054348316477,81.9595507575545
sample_000215,samples/sample_000215.npz,train,50,54,38,44,4,6,0.06431833284544539,-6.281134904762884,80.90345428691015
sample_000216,samples/sample_000216.npz,train,21,31,36,47,16,23,0.021064255261900353,-0.9191304780093359,13.183530977815643
sample_000217,samples/sample_000217.npz,train,37,41,29,36,15,20,0.08026581179499384,-0.8852190506390062,13.24520805185544
sample_000218,samples/sample_000218.npz,train,24,34,27,43,3,8,0.05213493524285301,-45.41261149322392,360.1439735609756
sample_000219,samples/sample_000219.npz,train,27,40,33,41,8,10,0.08239133213278135,-7.395172223569576,81.394562131025
sample_000220,samples/sample_000220.npz,train,8,23,45,56,12,16,0.06563748813466015,-5.798646222337698,70.96963786885178
sample_000221,samples/sample_000221.npz,train,13,19,33,43,3,5,0.010353820212084083,-3.2333755845742975,30.847384298730827
sample_000222,samples/sample_000222.npz,train,39,55,19,30,12,17,0.0805421611861719,-8.666511562335865,105.84711353285546
sample_000223,samples/sample_000223.npz,train,44,52,39,50,10,13,0.006679974899147651,-0.4051972014957151,5.331124038747142
sample_000224,samples/sample_000224.npz,train,30,39,18,26,14,16,0.04323122634141392,-0.7280755791015945,10.0915133928304
sample_000225,samples/sample_000225.npz,train,42,49,22,38,6,9,0.03749356474752181,-7.142477307128448,77.20940107532768
sample_000226,samples/sample_000226.npz,train,10,15,46,54,2,8,0.04241518000438174,-22.59809313866222,276.74093640152387
sample_000227,samples/sample_000227.npz,train,35,46,15,29,7,10,0.09647030890638283,-19.443027402438776,205.07397708030797
sample_000228,samples/sample_000228.npz,train,26,42,24,37,5,8,0.029616949481475537,-14.114261447598558,104.3674737134751
sample_000229,samples/sample_000229.npz,train,20,28,52,56,7,12,0.06434494925910926,-4.45479845059715,62.00076648884798
sample_000230,samples/sample_000230.npz,train,28,39,43,48,12,20,0.09867155063627303,-4.49919415751137,64.92621784904972
sample_000231,samples/sample_000231.npz,train,10,17,10,23,11,19,0.039536775489148246,-3.363792047219345,48.02061161855322
sample_000232,samples/sample_000232.npz,train,45,51,27,43,2,10,0.07626261752140927,-66.99749557415254,664.67015162187
sample_000233,samples/sample_000233.npz,train,34,47,24,35,14,17,0.022067168799327224,-0.9729239878698653,12.654826189560271
sample_000234,samples/sample_000234.npz,train,35,46,20,24,15,21,0.01624381154963797,-0.3137495428511886,4.5064350635842905
sample_000235,samples/sample_000235.npz,train,11,23,32,47,6,13,0.06907194248439155,-30.3285388064589,325.49087533407226
sample_000236,samples/sample_000236.npz,train,9,21,38,47,6,14,0.09629121283541353,-30.140734357261305,369.5796828999709
sample_000237,samples/sample_000237.npz,train,20,34,43,53,11,14,0.007172426372460665,-0.5479094326840931,6.626015602086795
sample_000238,samples/sample_000238.npz,train,27,43,9,21,10,17,0.06728099663682993,-13.429282919326056,159.98434507401387
sample_000239,samples/sample_000239.npz,train,20,26,37,51,2,5,0.007913949252364752,-5.518352640589677,44.075367100966076
sample_000240,samples/sample_000240.npz,train,24,39,24,39,5,11,0.08395407785417117,-55.783566140519135,478.8036155921059
sample_000241,samples/sample_000241.npz,train,28,36,11,23,11,14,0.008999059062295926,-0.4725818303593669,6.27685144973432
sample_000242,samples/sample_000242.npz,train,38,49,17,31,7,12,0.0032555790190721356,-0.8695982688692888,9.714581843713848
sample_000243,samples/sample_000243.npz,train,35,46,30,43,3,8,0.04562028462099873,-39.56163532019911,316.59788231104835
sample_000244,samples/sample_000244.npz,train,14,20,40,52,11,15,0.09007285165316344,-4.334073600558651,59.87567534455644
sample_000245,samples/sample_000245.npz,train,9,21,27,35,3,6,0.030284305423227475,-18.32159477004841,139.13681844579438
sample_000246,samples/sample_000246.npz,train,19,31,39,51,15,19,0.03492848882241796,-1.6100512618247669,21.61510923420986
sample_000247,samples/sample_000247.npz,train,20,24,28,40,4,8,0.09219316902791647,-19.918762735302696,233.8349800216691
sample_000248,samples/sample_000248.npz,train,14,18,25,40,9,12,0.0996438712708379,-4.8896531851416265,63.12602567543477
sample_000249,samples/sample_000249.npz,train,25,34,11,27,9,12,0.007097492306600369,-0.7936581556960929,9.345617805544526
sample_000250,samples/sample_000250.npz,train,20,25,42,52,4,6,0.010023914350994222,-1.7044936785091578,18.985949874864463
sample_000251,samples/sample_000251.npz,train,23,37,38,53,8,13,0.0352929491395179,-9.63882173876813,102.7658770732611
sample_000252,samples/sample_000252.npz,train,21,36,31,35,6,8,0.027631177264052818,-2.7982823587875165,26.360415916444644
sample_000253,samples/sample_000253.npz,train,11,24,31,44,11,17,0.010803668218232424,-1.465880376808541,18.51943317228647
sample_000254,samples/sample_000254.npz,train,35,48,49,56,10,17,0.0559577756054973,-5.7379373654176336,75.98106622225745
sample_000255,samples/sample_000255.npz,train,33,46,9,17,4,6,0.04063759760627439,-13.870646544991871,107.56007645356557
sample_000256,samples/sample_000256.npz,train,45,49,35,44,11,17,0.04307094321041503,-1.3558411395143761,20.11938534771132
sample_000257,samples/sample_000257.npz,train,29,36,21,30,16,24,0.07865434061727969,-2.1474513824243586,32.15135527897231
sample_000258,samples/sample_000258.npz,train,29,41,30,44,14,19,0.06925352685220168,-4.964746061730497,65.63348169932824
sample_000259,samples/sample_000259.npz,train,36,40,38,48,7,10,0.06503670844502688,-4.010287833081945,53.56113622809889
sample_000260,samples/sample_000260.npz,train,29,40,16,21,8,12,0.041259171202072106,-3.2665311100388426,41.44350541487261
sample_000261,samples/sample_000261.npz,train,12,20,19,32,14,19,0.047622804864318455,-2.16527999144297,30.25210861066693
sample_000262,samples/sample_000262.npz,train,20,31,49,56,6,9,0.0017026334533362469,-0.27923115515402347,3.1010991891267836
sample_000263,samples/sample_000263.npz,train,19,26,15,24,4,7,0.02664379308570891,-7.225533372187658,79.4787091320219
sample_000264,samples/sample_000264.npz,train,23,35,24,38,2,7,0.04845126276763027,-69.71596713619823,428.4465129297006
sample_000265,samples/sample_000265.npz,train,24,37,17,30,3,6,0.02706037441675583,-22.439353995368535,139.98267423403706
sample_000266,samples/sample_000266.npz,train,24,36,46,53,8,13,0.042245141334368234,-5.492042908320179,68.36263664411891
sample_000267,samples/sample_000267.npz,train,18,28,16,30,7,15,0.057080037840018215,-16.493484152597084,205.1920382937565
sample_000268,samples/sample_000268.npz,train,11,20,17,32,3,6,0.06488899424223002,-41.669423513393426,316.9065940811876
sample_000269,samples/sample_000269.npz,train,15,24,10,22,8,13,0.029409729995866985,-4.583359431310482,57.850381822394446
sample_000270,samples/sample_000270.npz,train,14,23,37,44,14,19,0.0640393432847736,-1.8551631133155633,26.562900783258385
sample_000271,samples/sample_000271.npz,train,32,41,36,51,16,19,0.06386584065168567,-1.8662069303623225,25.420728612976305
sample_000272,samples/sample_000272.npz,train,21,30,21,30,7,15,0.023100771227637477,-4.288343765144802,59.19860435910011
sample_000273,samples/sample_000273.npz,train,32,45,18,26,3,5,0.050633503804132736,-26.94605411658314,176.0972582120838
sample_000274,samples/sample_000274.npz,train,25,34,42,48,12,14,0.07714805951279366,-1.4643480424273787,20.08223836192304
sample_000275,samples/sample_000275.npz,train,33,40,50,56,9,13,0.013206010368754906,-0.6253913098037871,8.796966647491852
sample_000276,samples/sample_000276.npz,train,30,43,12,25,3,6,0.03657014232494319,-30.325167149985347,189.17647964042484
sample_000277,samples/sample_000277.npz,train,40,46,37,51,9,11,0.04842647706435094,-2.506918038350938,31.55698003670112
sample_000278,samples/sample_000278.npz,train,47,54,15,29,10,13,0.07889186433462729,-5.073236506499353,65.44251247034327
sample_000279,samples/sample_000279.npz,train,18,32,19,33,13,15,0.019246918535678347,-0.9637936449866471,11.660555368676686
sample_000280,samples/sample_000280.npz,train,27,41,26,35,12,18,0.06073063469496445,-5.342359946112049,69.805378529887
sample_000281,samples/sample_000281.npz,train,46,56,22,32,7,10,0.06864940307903888,-10.122648015145975,117.16616308485607
sample_000282,samples/sample_000282.npz,train,37,46,8,22,6,10,0.025045916568218626,-6.544922354484032,71.49467804329305
sample_000283,samples/sample_000283.npz,train,47,51,10,22,11,15,0.0778184534146094,-2.51182641769509,35.34027689622373
sample_000284,samples/sample_000284.npz,train,11,15,43,53,13,17,0.04087186333443544,-0.767248533490911,11.137808668285457
sample_000285,samples/sample_000285.npz,train,20,33,26,31,12,17,0.08020148612732102,-3.426395525926019,45.72411891297877
sample_000286,samples/sample_000286.npz,train,29,42,12,28,6,11,0.0867211126186744,-37.566341014875654,357.6041117934468
sample_000287,samples/sample_000287.npz,train,14,27,27,41,5,7,0.04001969307207481,-12.807825158637817,100.52111660441633
sample_000288,samples/sample_000288.npz,train,8,16,40,44,10,16,0.09827852345571833,-3.490862894188847,51.02505281392881
sample_000289,samples/sample_000289.npz,train,21,36,37,43,11,16,0.07120271218552415,-5.031109733158261,63.26350663240667
sample_000290,samples/sample_000290.npz,train,17,24,13,22,3,11,0.09589958653161298,-48.00834149157126,608.3098985927181
sample_000291,samples/sample_000291.npz,train,10,18,35,41,6,14,0.02799909632092816,-4.232220484482708,61.64300956019502
sample_000292,samples/sample_000292.npz,train,43,52,24,32,15,22,0.056700577755926546,-1.9216813391526508,28.068081319098173
sample_000293,samples/sample_000293.npz,train,26,39,34,43,14,22,0.06634918956575352,-4.4662843691667575,62.47848818767234
sample_000294,samples/sample_000294.npz,train,18,26,8,24,16,22,0.0477851515796425,-2.1356248916386216,29.90154364716366
sample_000295,samples/sample_000295.npz,train,24,35,12,25,13,20,0.025946250183245437,-2.284701794682839,31.24291496356934
sample_000296,samples/sample_000296.npz,train,36,43,13,23,10,18,0.07208657609041615,-5.92108634397684,86.74955244910063
sample_000297,samples/sample_000297.npz,train,25,41,43,54,12,20,0.09432690474452203,-12.830393542393985,164.85486959795207
sample_000298,samples/sample_000298.npz,train,27,40,18,22,8,14,0.05893739235569687,-5.250607392243066,66.35307020972213
sample_000299,samples/sample_000299.npz,train,35,50,13,22,10,15,0.022784324574145667,-2.866533668100728,34.35676301790899
sample_000300,samples/sample_000300.npz,train,39,54,31,40,8,15,0.007379072147380664,-1.6650726949206107,19.573850319460234
sample_000301,samples/sample_000301.npz,train,37,52,24,30,4,12,0.04735374169054998,-23.108224239906793,237.24928137332614
sample_000302,samples/sample_000302.npz,train,21,31,8,13,8,12,0.07366384521303802,-5.336281750899474,69.69632385786969
sample_000303,samples/sample_000303.npz,train,29,33,16,31,3,9,0.014974137388758357,-5.84844812338865,65.0017278826661
sample_000304,samples/sample_000304.npz,train,11,22,34,41,14,16,0.0371195061036924,-0.6698489351788833,9.067959082587048
sample_000305,samples/sample_000305.npz,train,8,19,17,29,12,19,0.01615668731076402,-1.5736332183062909,21.41790862518995
sample_000306,samples/sample_000306.npz,train,47,52,42,49,13,20,0.02452641763940546,-0.5671045457075933,8.573755629234041
sample_000307,samples/sample_000307.npz,train,18,28,14,23,9,17,0.03031385880376857,-3.9298023281753554,54.811059825258866
sample_000308,samples/sample_000308.npz,train,43,55,16,27,3,7,0.07524175744612199,-60.4874925833214,454.0946608426708
sample_000309,samples/sample_000309.npz,train,44,48,9,19,12,16,0.04195069380944333,-0.9503189629846592,13.726558274694538
sample_000310,samples/sample_000310.npz,train,20,25,21,33,10,17,0.06484579171745894,-4.263171377798914,61.53216997629365
sample_000311,samples/sample_000311.npz,train,17,27,11,25,16,24,0.07748452247164506,-4.505117546064969,64.1442744728741
sample_000312,samples/sample_000312.npz,train,10,25,27,37,9,16,0.04335692606561541,-8.58940802435892,103.546954009391
sample_000313,samples/sample_000313.npz,train,18,33,22,29,14,21,0.027860516011640232,-1.5891038817674492,21.531849850021295
sample_000314,samples/sample_000314.npz,train,24,38,29,45,5,7,0.07591261808654926,-27.340684735804114,198.26728030050725
sample_000315,samples/sample_000315.npz,train,26,39,10,16,2,5,0.03906716601159533,-34.335338665775296,218.83932994062954
sample_000316,samples/sample_000316.npz,train,45,50,33,37,3,7,0.011947197315746737,-2.209908809120214,30.117510595565378
sample_000317,samples/sample_000317.npz,train,8,16,24,35,6,12,0.062303870961400984,-14.681854460219876,185.5884557353229
sample_000318,samples/sample_000318.npz,train,23,29,10,22,8,11,0.09982322469801164,-7.948261285135247,102.143314280123
sample_000319,samples/sample_000319.npz,train,48,52,38,44,14,21,0.03995519421372349,-0.5392348488587115,8.2628329303604
sample_000320,samples/sample_000320.npz,train,18,23,17,27,7,15,0.057012088605805256,-6.556647716327456,97.03600890038608
sample_000321,samples/sample_000321.npz,train,30,42,39,50,10,18,0.0986534047337604,-14.774377484288175,197.0417955334034
sample_000322,samples/sample_000322.npz,train,30,42,11,26,3,11,0.05288356966929868,-56.972035762320466,479.0492503593923
sample_000323,samples/sample_000323.npz,train,33,39,23,36,15,19,0.08400714237606756,-2.1114844726130353,29.93289353865086
sample_000324,samples/sample_000324.npz,train,15,31,14,29,13,20,0.038910215506378354,-5.501432354760023,68.68739675837942
sample_000325,samples/sample_000325.npz,train,25,34,46,50,14,19,0.015116754095022455,-0.2543296725305648,3.6829747800288573
sample_000326,samples/sample_000326.npz,train,40,53,27,31,16,18,0.09363046987635223,-0.8157592745744358,11.107383747389209
sample_000327,samples/sample_000327.npz,train,33,47,43,53,10,14,0.03777238214240816,-4.3079333310533166,51.53055750501059
sample_000328,samples/sample_000328.npz,train,11,25,44,50,4,12,0.021329244272580285,-9.835900387610089,105.39023489916649
sample_000329,samples/sample_000329.npz,train,20,24,49,54,12,16,0.0696458637278383,-0.8257747364422973,12.31677260374267
sample_000330,samples/sample_000330.npz,train,26,38,8,18,14,21,0.014039703937069721,-0.9052156073846406,12.59666881517108
sample_000331,samples/sample_000331.npz,train,18,28,48,54,8,12,0.03422386888750642,-2.932201402666856,37.831163511564654
sample_000332,samples/sample_000332.npz,train,14,18,16,24,7,11,0.028654628886354085,-1.7294507699131176,24.367831821637772
sample_000333,samples/sample_000333.npz,train,10,15,29,34,14,18,0.018178565112327152,-0.18496563540494038,2.740109747560063
sample_000334,samples/sample_000334.npz,train,9,21,13,24,10,16,0.022459997235879783,-2.9956940543950643,38.46823283737041
sample_000335,samples/sample_000335.npz,train,33,41,30,39,16,20,0.07767120116537889,-1.5884185190391884,22.82010157583606
sample_000336,samples/sample_000336.npz,train,8,17,11,21,9,15,0.04597112495545985,-5.33429584931176,72.09873682740835
sample_000337,samples/sample_000337.npz,train,35,42,34,43,6,14,0.07844082948078765,-14.86899771288029,212.53523244035136
sample_000338,samples/sample_000338.npz,train,18,24,29,38,11,15,0.07245656168013773,-2.7231804044749515,38.663709391292315
sample_000339,samples/sample_000339.npz,train,20,24,37,45,8,11,0.02586452133235892,-1.0049302687485275,14.05877315667361
sample_000340,samples/sample_000340.npz,train,35,51,46,56,12,15,0.04580875100040691,-3.239504521525527,38.5380648695443
sample_000341,samples/sample_000341.npz,train,30,46,35,42,6,10,0.05851224425140901,-15.295860262063389,146.13800059064494
sample_000342,samples/sample_000342.npz,train,20,35,23,31,9,12,0.026801941923149004,-2.811121433889304,31.354466955628194
sample_000343,samples/sample_000343.npz,train,45,54,35,49,7,15,0.06857412891599719,-17.95600222400134,228.71325440078857
sample_000344,samples/sample_000344.npz,train,27,31,16,29,5,8,0.08847828150214765,-12.235807948198248,142.38041567519363
sample_000345,samples/sample_000345.npz,train,12,26,14,18,15,21,0.03933138638693811,-0.9575976628004088,13.245142968322313
sample_000346,samples/sample_000346.npz,train,35,41,16,25,11,14,0.014026071755089749,-0.4365620115255847,6.116868881182118
sample_000347,samples/sample_000347.npz,train,24,32,21,33,12,19,0.08967508739970176,-6.421793219566456,91.10277030185897
sample_000348,samples/sample_000348.npz,train,38,48,29,37,5,8,0.004010289958556856,-0.9413750981429819,9.990847931187872
sample_000349,samples/sample_000349.npz,train,44,55,20,31,2,4,0.04706139488808714,-42.11294095554129,225.70089313227913
sample_000350,samples/sample_000350.npz,train,12,16,37,46,9,11,0.0433972518433997,-1.0786044424093868,14.942935986669278
sample_000351,samples/sample_000351.npz,train,33,49,33,38,2,8,0.04478792773345738,-43.78587624323216,314.83802717284794
sample_000352,samples/sample_000352.npz,train,30,39,23,34,7,15,0.05151791716739975,-11.264954637010051,150.63078882112967
sample_000353,samples/sample_000353.npz,train,10,14,46,53,7,9,0.037139787149945,-1.3197866915627594,18.155130233416347
sample_000354,samples/sample_000354.npz,train,25,38,14,25,6,14,0.023482853316579122,-9.235014190720268,105.54801189046489
sample_000355,samples/sample_000355.npz,train,21,34,27,41,3,5,0.049431833651627836,-33.593667930348126,188.67440450922248
sample_000356,samples/sample_000356.npz,train,27,39,35,46,5,7,0.034608793825898695,-9.179965528379283,80.0721142310349
sample_000357,samples/sample_000357.npz,train,38,52,13,19,2,8,0.05738911752230307,-58.80984831625687,451.89842666428297
sample_000358,samples/sample_000358.npz,train,10,19,39,48,4,8,0.012760078112149218,-4.86418304473552,51.07512402959177
sample_000359,samples/sample_000359.npz,train,30,36,21,26,14,21,0.08050636405196732,-1.3616706665189526,20.652632790490664
sample_000360,samples/sample_000360.npz,train,12,25,20,25,11,18,0.005344617642196598,-0.3263108308021234,4.437056286604439
sample_000361,samples/sample_000361.npz,train,22,37,18,26,7,15,0.033390352707456876,-8.924265516442746,105.0509872148252
sample_000362,samples/sample_000362.npz,train,16,24,34,49,5,12,0.03779749477334639,-15.083651981916688,172.89331758382093
sample_000363,samples/sample_000363.npz,train,24,28,30,35,15,17,0.07727750273231902,-0.31250264225704016,4.615069012224791
sample_000364,samples/sample_000364.npz,train,26,36,47,55,2,6,0.03214176898085674,-29.9358018556568,228.62743845116225
sample_000365,samples/sample_000365.npz,train,41,56,52,56,5,8,0.07556704713118813,-13.878715805197825,126.57621728931345
sample_000366,samples/sample_000366.npz,train,23,38,48,54,5,12,0.08464777736657696,-29.648736874381157,312.97750539495934
sample_000367,samples/sample_000367.npz,train,29,33,45,53,7,9,0.011504265517572797,-0.45680584896572096,6.1753755935241035
sample_000368,samples/sample_000368.npz,train,25,30,12,24,8,10,0.01971037439542105,-0.9920458605446496,12.741274002378056
sample_000369,samples/sample_000369.npz,train,33,45,12,27,12,18,0.06289352965991629,-7.4139057050730575,95.5205748767845
sample_000370,samples/sample_000370.npz,train,8,18,23,37,4,11,0.024498336741109093,-15.471874712039705,156.6620534097735
sample_000371,samples/sample_000371.npz,train,10,16,10,26,3,5,0.018144035493993384,-6.70784168512393,56.03380914710742
sample_000372,samples/sample_000372.npz,train,34,43,24,35,7,9,0.08147922063021577,-8.901170572317003,101.79823982073354
sample_000373,samples/sample_000373.npz,train,44,49,14,18,14,21,0.0722538288730822,-0.8189651305696117,12.532987506292727
sample_000374,samples/sample_000374.npz,train,35,50,33,39,10,13,0.08786748627665601,-5.615417287524465,66.0335381367326
sample_000375,samples/sample_000375.npz,train,35,41,8,24,10,17,0.05785771105516311,-5.708004874042625,77.520877740069
sample_000376,samples/sample_000376.npz,train,30,43,26,41,3,10,0.07533560753317824,-85.61416951440806,655.0861031686346
sample_000377,samples/sample_000377.npz,train,19,28,38,47,7,13,0.04366204334038176,-7.50554934578774,98.47408707956815
sample_000378,samples/sample_000378.npz,train,14,26,13,22,8,13,0.08540804914270422,-13.819796689068628,168.13480961327943
sample_000379,samples/sample_000379.npz,train,26,42,39,50,3,5,0.09502024638384006,-68.89793526102767,356.067026817627
sample_000380,samples/sample_000380.npz,train,25,36,41,45,13,19,0.055958234104541364,-1.5085259945564105,21.419716718313538
sample_000381,samples/sample_000381.npz,train,39,49,35,50,4,8,0.01170479256579544,-6.457017091289296,56.350645401568784
sample_000382,samples/sample_000382.npz,train,21,26,39,54,11,17,0.052815922250549326,-3.1925754238524404,44.18753150832867
sample_000383,samples/sample_000383.npz,train,10,19,15,27,12,15,0.02731609647216148,-1.3153917378773246,17.458126322446837
sample_000384,samples/sample_000384.npz,train,26,38,37,50,11,13,0.05969190399070429,-3.605387644819782,43.43218357967038
sample_000385,samples/sample_000385.npz,train,11,25,14,28,8,12,0.08894656037191732,-20.591692386899613,216.32163737586927
sample_000386,samples/sample_000386.npz,train,17,30,9,25,12,20,0.08083855217828109,-12.410610914321829,160.52024532144276
sample_000387,samples/sample_000387.npz,train,40,49,22,26,6,14,0.05397781286303973,-6.234060278494741,90.55473527976388
sample_000388,samples/sample_000388.npz,train,21,29,37,52,15,21,0.051997091006201215,-2.548283084846437,35.68784968017274
sample_000389,samples/sample_000389.npz,train,10,23,16,26,9,17,0.043854762928813455,-7.971230603119205,102.97290112653765
sample_000390,samples/sample_000390.npz,train,30,44,17,25,5,12,0.08342438832955407,-35.34621044865414,372.7577408686601
sample_000391,samples/sample_000391.npz,train,10,22,31,37,12,16,0.00674105811265582,-0.2782808467195784,3.725196491872844
sample_000392,samples/sample_000392.npz,train,15,20,31,40,10,14,0.09879315627058043,-3.8485645832332978,54.81102598642781
sample_000393,samples/sample_000393.npz,train,34,42,29,44,3,11,0.08313813370480663,-62.990074346299906,644.1107496538715
sample_000394,samples/sample_000394.npz,train,15,24,37,49,8,10,0.038406094742465244,-3.3761487188345742,39.81692625419719
sample_000395,samples/sample_000395.npz,train,18,27,15,30,2,10,0.08255811805588659,-100.88657430858707,857.9409403911127
sample_000396,samples/sample_000396.npz,train,13,28,35,46,5,12,0.05846574135791048,-33.28200662336957,320.71760688676443
sample_000397,samples/sample_000397.npz,train,46,51,31,41,13,17,0.09438053478228282,-2.2097639434382126,31.80636276829059
sample_000398,samples/sample_000398.npz,train,49,55,43,56,2,7,0.0639524569520251,-50.45688365421121,463.2823668664203
sample_000399,samples/sample_000399.npz,train,30,43,47,56,11,16,0.04220830021146167,-3.797089739308565,48.72496974936849
sample_000400,samples/sample_000400.npz,train,21,25,40,48,15,21,0.07358167747635248,-1.0281009161317116,15.436095694701915
sample_000401,samples/sample_000401.npz,train,46,56,32,36,4,12,0.03851683450957501,-9.262072748794383,123.17133234567802
sample_000402,samples/sample_000402.npz,train,39,44,40,49,7,11,0.029900930836968986,-2.4742712883964417,33.987252828682166
sample_000403,samples/sample_000403.npz,train,17,29,9,17,15,18,0.0029376854607141003,-0.07576062896387106,1.0301278982122744
sample_000404,samples/sample_000404.npz,train,18,31,36,45,13,16,0.05742725590489871,-2.5280713609850696,32.72305234174019
sample_000405,samples/sample_000405.npz,train,25,38,46,54,9,13,0.04949853879143349,-5.454410265005838,65.77682719116424
sample_000406,samples/sample_000406.npz,train,36,41,16,32,5,10,0.002248442573057073,-0.5419785823501851,6.227627606212784
sample_000407,samples/sample_000407.npz,train,15,29,31,36,10,12,0.016167644435884206,-0.6081125563875928,7.257710320691401
sample_000408,samples/sample_000408.npz,train,39,55,22,28,10,18,0.07961537943396815,-8.959188553261676,114.39812194362703
sample_000409,samples/sample_000409.npz,train,12,20,39,54,2,10,0.002255252714482744,-2.4896212936491993,22.525128995139497
sample_000410,samples/sample_000410.npz,train,35,47,17,27,8,12,0.013461935525514755,-2.1176580344934095,24.87159354749663
sample_000411,samples/sample_000411.npz,train,25,37,9,13,2,6,0.02247648998765704,-14.767312190787342,116.4873817587114
sample_000412,samples/sample_000412.npz,train,26,36,24,33,14,16,0.0012701325644273286,-0.02641475667606098,0.3596688448795198
sample_000413,samples/sample_000413.npz,train,46,55,28,42,9,14,0.08750228666603474,-12.153932936620564,153.30354941413907
sample_000414,samples/sample_000414.npz,train,30,42,32,47,12,20,0.016360967084238877,-2.212096085253688,29.366230050085377
sample_000415,samples/sample_000415.npz,train,11,21,16,24,12,20,0.03059437972920319,-1.9966194087672628,28.884253693080638
sample_000416,samples/sample_000416.npz,train,46,54,34,43,11,19,0.07837308097145317,-5.501956745278637,80.65230109617737
sample_000417,samples/sample_000417.npz,train,29,44,29,36,11,16,0.0024036613565667627,-0.19628659377195473,2.448760590911188
sample_000418,samples/sample_000418.npz,train,24,37,29,45,13,21,0.04566686267067695,-5.966032819576242,78.49000973980212
sample_000419,samples/sample_000419.npz,train,43,51,8,17,10,13,0.028173008235013928,-1.4448230572457579,19.41914692077302
sample_000420,samples/sample_000420.npz,train,23,36,28,44,8,14,0.023282035977984585,-6.759515719653581,74.6210144443244
sample_000421,samples/sample_000421.npz,train,33,47,18,25,5,8,0.08945196196492083,-25.28105585130368,229.35959356847857
sample_000422,samples/sample_000422.npz,train,14,20,30,40,2,6,0.028648477226588476,-19.51797218908193,183.0233826382612
sample_000423,samples/sample_000423.npz,train,10,25,32,46,12,18,0.04052943591771712,-5.5697903232161545,68.65689299004664
sample_000424,samples/sample_000424.npz,train,31,43,30,44,16,19,0.07359829084452177,-2.680557069548303,35.63250376019367
sample_000425,samples/sample_000425.npz,train,20,25,28,44,7,15,0.072989989885558,-11.921687828925311,158.51807556597248
sample_000426,samples/sample_000426.npz,train,40,55,23,35,11,17,0.09112992799384584,-13.218244728376275,162.03359931740223
sample_000427,samples/sample_000427.npz,train,27,38,12,21,15,21,0.008877478349418533,-0.37564405234423986,5.302237577338546
sample_000428,samples/sample_000428.npz,train,32,47,11,24,10,14,0.007474621925475662,-1.1212123730113546,12.68786738552679
sample_000429,samples/sample_000429.npz,train,28,44,19,33,4,9,0.09237730382400669,-79.39772567408856,564.9232387858327
sample_000430,samples/sample_000430.npz,train,19,27,22,28,7,13,0.04707538509580387,-5.081774566130423,70.94036999828677
sample_000431,samples/sample_000431.npz,train,44,54,44,53,13,15,0.09029249008358815,-2.2596703893540604,30.373323309771248
sample_000432,samples/sample_000432.npz,train,34,42,46,53,4,6,0.07292336143820727,-15.133050184148756,156.93875550588615
sample_000433,samples/sample_000433.npz,train,15,31,33,43,14,16,0.061803327453040374,-2.201841972538412,27.077761762243338
sample_000434,samples/sample_000434.npz,train,25,35,18,30,5,10,0.049537286262581214,-19.199054263407938,204.10642837137345
sample_000435,samples/sample_000435.npz,train,19,35,44,50,7,11,0.041560780500129804,-7.11045252206927,72.85165968654877
sample_000436,samples/sample_000436.npz,train,32,47,25,34,15,19,0.014938627847922499,-0.6557431195676389,8.598277166728694
sample_000437,samples/sample_000437.npz,train,30,38,23,39,8,12,0.07200528058910904,-10.895582603145304,129.37304439578477
sample_000438,samples/sample_000438.npz,train,47,55,22,37,12,16,0.06601063218003494,-4.143483102510377,54.915679253861505
sample_000439,samples/sample_000439.npz,train,39,54,36,42,4,8,0.04273037508918597,-18.48379358240747,155.39309666721348
sample_000440,samples/sample_000440.npz,train,18,27,38,50,6,13,0.037290993662219614,-10.90101351183833,135.15885430698893
sample_000441,samples/sample_000441.npz,train,28,43,29,36,13,16,0.06280769103336278,-2.504914631785042,31.61208085516699
sample_000442,samples/sample_000442.npz,train,32,45,19,23,5,7,0.08891533355105824,-11.600760373111545,109.3197941086522
sample_000443,samples/sample_000443.npz,train,36,48,39,48,7,13,0.04640704288511209,-10.375201268660582,125.1681187021375
sample_000444,samples/sample_000444.npz,train,15,25,33,39,9,13,0.025503049549500844,-1.6989287525482109,22.456342766247186
sample_000445,samples/sample_000445.npz,train,16,20,40,47,8,14,0.06592975525857155,-3.210636403059777,48.39483225552393
sample_000446,samples/sample_000446.npz,train,27,43,8,17,12,17,0.03652326853457874,-3.291458004703371,40.72166858839753
sample_000447,samples/sample_000447.npz,train,8,19,37,45,7,11,0.04350295799633065,-6.877095918803034,81.43355736343769
sample_000448,samples/sample_000448.npz,train,36,50,8,20,11,14,0.06920126000795633,-6.156946591798961,73.0552046705842
sample_000449,samples/sample_000449.npz,train,11,19,23,33,13,18,0.09898513790510986,-4.235287352342206,60.002982766982825
sample_000450,samples/sample_000450.npz,train,23,32,38,48,5,10,0.0808494684817191,-25.26036319664241,290.40334913703185
sample_000451,samples/sample_000451.npz,train,34,41,44,53,11,18,0.06884365055073155,-4.03186297624198,58.7869642985986
sample_000452,samples/sample_000452.npz,train,18,31,35,45,10,14,0.048099922735449725,-5.128324110648941,62.62491764875786
sample_000453,samples/sample_000453.npz,train,25,39,33,45,11,17,0.04996032293428006,-6.801549141345558,85.1271343489497
sample_000454,samples/sample_000454.npz,train,37,43,45,56,3,9,0.06981369396873005,-34.0950367997395,387.78841937174474
sample_000455,samples/sample_000455.npz,train,37,48,8,15,2,9,0.012064963426145332,-11.438971266218935,105.29516119480623
sample_000456,samples/sample_000456.npz,train,22,35,29,42,15,20,0.011242263666506873,-0.6970963818727134,9.291099269753085
sample_000457,samples/sample_000457.npz,train,42,51,19,34,10,13,0.0017092481428033317,-0.14686965766841314,1.8095797990342464
sample_000458,samples/sample_000458.npz,train,46,54,39,49,15,18,0.03210409352232173,-0.6870018295623411,9.682586591291852
sample_000459,samples/sample_000459.npz,train,19,30,13,21,16,22,0.06505254072834216,-2.1173156883985036,30.147430668125693
sample_000460,samples/sample_000460.npz,train,35,48,23,38,11,13,0.006685662037781592,-0.48305761882618486,5.574832596061008
sample_000461,samples/sample_000461.npz,train,18,28,44,52,8,16,0.04929733187780311,-7.173238607862713,99.77084437678431
sample_000462,samples/sample_000462.npz,train,22,26,41,56,9,17,0.07993064586451405,-6.462675791602029,91.2542530131949
sample_000463,samples/sample_000463.npz,train,34,47,27,40,16,19,0.08653233042147285,-3.191893568586965,42.19814394859132
sample_000464,samples/sample_000464.npz,train,14,25,10,19,14,19,0.002402407306900792,-0.10709893811737735,1.4828345227804998
sample_000465,samples/sample_000465.npz,train,14,24,15,30,6,8,0.0868077287375086,-16.81102135928548,162.81837254443997
sample_000466,samples/sample_000466.npz,train,36,51,26,41,12,16,0.09069861938191762,-10.307185238389993,122.11095516129112
sample_000467,samples/sample_000467.npz,train,42,54,31,39,3,8,0.07106539432525077,-50.707495442507316,435.795191387263
sample_000468,samples/sample_000468.npz,train,21,26,24,36,12,20,0.07644896409231038,-3.6496750249299494,53.89198161780828
sample_000469,samples/sample_000469.npz,train,23,35,25,39,14,22,0.016543243360905922,-1.5346579810688177,21.060368428452612
sample_000470,samples/sample_000470.npz,train,31,36,12,23,3,10,0.06376640648290055,-26.56596949563235,333.66664494934895
sample_000471,samples/sample_000471.npz,train,37,45,30,46,5,8,0.060992469628616465,-17.72203750134409,173.7863746341495
sample_000472,samples/sample_000472.npz,train,36,41,35,41,16,19,0.001731588594947914,-0.01221440520144165,0.17988052182172218
sample_000473,samples/sample_000473.npz,train,37,52,17,32,8,12,0.03992192800606764,-10.270175178772899,103.32389328818606
sample_000474,samples/sample_000474.npz,train,41,56,33,39,10,17,0.08890485349357566,-8.991685689812778,115.03119822052011
sample_000475,samples/sample_000475.npz,train,31,35,34,39,4,11,0.04699221104740952,-5.873718355877162,92.85094335085127
sample_000476,samples/sample_000476.npz,train,17,27,24,35,7,9,0.08543770301467894,-10.256309952560514,113.78634626533865
sample_000477,samples/sample_000477.npz,train,10,24,39,48,6,10,0.0827072323910018,-23.711548829934948,236.45094283581744
sample_000478,samples/sample_000478.npz,train,36,49,26,32,11,16,0.04699668677204095,-2.9078381375871833,38.12211463236075
sample_000479,samples/sample_000479.npz,train,28,34,10,24,12,19,0.0020561847519375643,-0.12644080047377787,1.7961743371040355
sample_000480,samples/sample_000480.npz,train,45,55,8,22,3,10,0.027938420027585318,-24.65235902215519,224.43370457139906
sample_000481,samples/sample_000481.npz,train,28,36,35,45,13,15,0.021136409841593717,-0.46834155004660233,6.43777021328699
sample_000482,samples/sample_000482.npz,train,34,43,50,56,5,12,0.04974181396345252,-11.161146792143391,149.01950726602863
sample_000483,samples/sample_000483.npz,train,21,31,29,43,16,21,0.005377544411082616,-0.23765425381026406,3.2858727503905456
sample_000484,samples/sample_000484.npz,train,16,23,18,28,9,16,0.05122196683795768,-4.947448274239908,70.70790946339658
sample_000485,samples/sample_000485.npz,train,34,50,37,53,10,14,0.09470870641526542,-17.477012269340555,187.04566282590073
sample_000486,samples/sample_000486.npz,train,18,34,27,41,12,15,0.04945099748167966,-4.6177212936502885,53.12808019538157
sample_000487,samples/sample_000487.npz,train,34,45,26,35,4,8,0.07104211564201035,-32.20772572773769,306.2273799854682
sample_000488,samples/sample_000488.npz,train,28,41,9,13,3,8,0.014880358817759853,-6.508329098112935,59.67578982172377
sample_000489,samples/sample_000489.npz,train,49,56,24,32,3,10,0.08237042460231908,-38.038916161446764,476.06158213113036
sample_000490,samples/sample_000490.npz,train,31,43,46,54,7,12,0.09916557448697201,-18.768840388908497,222.20622974263475
sample_000491,samples/sample_000491.npz,train,13,19,44,53,10,16,0.07954299084490492,-4.579100780677893,66.41485530775846
sample_000492,samples/sample_000492.npz,train,37,41,34,48,5,11,0.0017493528487738169,-0.3348887268152705,4.210051851193236
sample_000493,samples/sample_000493.npz,train,28,44,8,17,15,19,0.043014228454736195,-2.006760605073623,25.900970603190295
sample_000494,samples/sample_000494.npz,train,24,33,26,35,11,15,0.019649854117713805,-1.0961448234246782,14.882391636698793
sample_000495,samples/sample_000495.npz,train,11,15,36,49,11,18,0.07276445807275231,-3.378162209300099,48.9376692618051
sample_000496,samples/sample_000496.npz,train,14,27,25,30,6,9,0.010832456952831995,-1.5322469099389149,16.135261190646094
sample_000497,samples/sample_000497.npz,train,27,40,22,36,8,16,0.04838342469823503,-14.230282360639347,169.63743759993855
sample_000498,samples/sample_000498.npz,train,31,47,17,31,14,20,0.016561848118634304,-1.7378172920768982,21.954221001011213
sample_000499,samples/sample_000499.npz,train,16,22,11,23,3,7,0.09257783048375215,-43.11036695774395,435.6888703910508
sample_000500,samples/sample_000500.npz,train,47,51,25,36,15,22,0.021803999252957618,-0.44590016309173963,6.652804018321348
sample_000501,samples/sample_000501.npz,train,44,49,41,50,12,18,0.053641468878513676,-1.739474432839833,25.6453427040449
sample_000502,samples/sample_000502.npz,train,30,34,19,23,7,12,0.04266779222539944,-1.5102958595713056,22.894961310465675
sample_000503,samples/sample_000503.npz,train,37,46,48,53,13,15,0.09039361942238945,-1.1760457308733767,16.35938054231206
sample_000504,samples/sample_000504.npz,train,43,48,21,36,9,13,0.005204141981982715,-0.3812383716570885,4.955316624102869
sample_000505,samples/sample_000505.npz,train,30,35,24,36,16,24,0.03806077397570283,-0.9725612839438982,14.49212762997427
sample_000506,samples/sample_000506.npz,train,14,22,23,32,8,16,0.005824704742151471,-0.7612514180347862,10.918923057806309
sample_000507,samples/sample_000507.npz,train,27,40,27,35,8,16,0.017384077854273598,-3.2275066124997585,41.576087948687395
sample_000508,samples/sample_000508.npz,train,46,53,49,56,5,11,0.004672970974520894,-0.9243047513389558,12.603075693337356
sample_000509,samples/sample_000509.npz,train,22,38,32,41,14,17,0.049219550768202405,-2.200017877220558,27.566701222659262
sample_000510,samples/sample_000510.npz,train,25,39,38,52,9,11,0.014739141278281357,-1.6772253644039998,17.582427978274676
sample_000511,samples/sample_000511.npz,train,23,27,36,40,16,22,0.09950139016217738,-0.6071557443398952,9.233999467218341
sample_000512,samples/sample_000512.npz,train,21,32,18,25,10,12,0.09083408163214149,-3.7465491073910395,47.444748500186954
sample_000513,samples/sample_000513.npz,train,17,22,33,41,14,17,0.07839134619668277,-1.0202401323285597,14.813110738889671
sample_000514,samples/sample_000514.npz,train,9,17,13,25,4,11,0.03522045343080626,-16.680741328918362,192.22055677031082
sample_000515,samples/sample_000515.npz,train,29,44,31,46,16,20,0.022823946155414037,-1.353321622316696,17.38061466968715
sample_000516,samples/sample_000516.npz,train,32,47,16,23,12,14,0.08853028764052227,-3.136747274921177,38.09082272468348
sample_000517,samples/sample_000517.npz,train,19,28,15,24,8,10,0.049715382309740395,-3.5178006238503574,43.30454808210653
sample_000518,samples/sample_000518.npz,train,27,42,8,20,14,16,0.020012826924255222,-0.7875378225639136,9.727063043653692
sample_000519,samples/sample_000519.npz,train,11,27,20,32,14,20,0.028403159928686358,-2.6084246243136127,33.39666645029963
sample_000520,samples/sample_000520.npz,train,14,30,25,38,16,19,0.014068978840170557,-0.6316358358303742,8.013747400938817
sample_000521,samples/sample_000521.npz,train,8,22,28,40,4,9,0.05136777901535147,-36.63747353649737,297.11172545238827
sample_000522,samples/sample_000522.npz,train,36,50,42,51,16,24,0.06288270561941704,-3.3763828550745707,47.35832263418231
sample_000523,samples/sample_000523.npz,train,17,21,26,35,2,5,0.0224725665232458,-9.412764787760887,98.05437441525518
sample_000524,samples/sample_000524.npz,train,30,42,39,45,13,18,0.06322704111132607,-2.4832032296373603,34.11115088161719
sample_000525,samples/sample_000525.npz,train,45,53,46,55,13,19,0.030544660722179966,-1.3158741276670967,18.97393153725031
sample_000526,samples/sample_000526.npz,train,43,48,52,56,3,11,0.028300476201215934,-5.28265803089188,87.94999144532557
sample_000527,samples/sample_000527.npz,train,41,56,21,37,11,14,0.06523301879786111,-7.675670317703292,85.46818327054542
sample_000528,samples/sample_000528.npz,train,20,30,41,55,6,14,0.06154186144675874,-22.69534683663556,270.93927518729276
sample_000529,samples/sample_000529.npz,train,41,45,9,20,5,8,0.02118303257212968,-2.651995422974682,32.44178820631349
sample_000530,samples/sample_000530.npz,train,34,41,42,47,14,21,0.07250710479546817,-1.4276459906380432,21.448083780094457
sample_000531,samples/sample_000531.npz,train,12,18,16,27,5,9,0.04712206478039275,-9.945495464102379,119.58716435977907
sample_000532,samples/sample_000532.npz,train,16,23,22,38,10,16,0.016765490268648712,-1.7949479977026639,23.63603437915343
sample_000533,samples/sample_000533.npz,train,30,41,31,46,13,17,0.06379568078433853,-4.547476467317929,58.80665023878136
sample_000534,samples/sample_000534.npz,train,26,41,40,54,9,15,0.09944023563556831,-24.164493596296555,272.1259016856711
sample_000535,samples/sample_000535.npz,train,22,26,17,29,5,11,0.026150383622402178,-4.5421924406819425,59.795791094807
sample_000536,samples/sample_000536.npz,train,26,31,36,49,16,22,0.008924553652820456,-0.2093425951800986,3.046156062970402
sample_000537,samples/sample_000537.npz,train,35,48,14,23,7,12,0.040460356432654485,-9.07761977515939,102.71494891193987
sample_000538,samples/sample_000538.npz,train,26,31,33,38,8,13,0.05830326356956225,-2.4139543362382803,35.92952151498342
sample_000539,samples/sample_000539.npz,train,27,42,8,23,6,13,0.07399568083013013,-39.52785697722984,383.54971764616073
sample_000540,samples/sample_000540.npz,train,47,56,28,34,5,12,0.008811670202628524,-1.9771764417550366,26.39852916688975
sample_000541,samples/sample_000541.npz,train,37,45,10,22,16,21,0.043500097048120086,-1.3488440725963473,19.20597307464736
sample_000542,samples/sample_000542.npz,train,23,34,21,32,9,11,0.06768275468084489,-5.207565426656229,61.31684327841004
sample_000543,samples/sample_000543.npz,train,9,25,10,19,16,21,0.021306592256943098,-0.9902895954888424,13.10441695022325
sample_000544,samples/sample_000544.npz,train,13,23,37,50,9,13,0.07943517944755998,-10.196423026888304,125.24158540431483
sample_000545,samples/sample_000545.npz,train,33,38,24,33,6,9,0.03834646305951206,-3.6853009683553486,48.348957975492596
sample_000546,samples/sample_000546.npz,train,48,54,33,45,2,6,0.07624883353926766,-55.933787584269105,494.4899559778458
sample_000547,samples/sample_000547.npz,train,15,29,33,47,7,10,0.07833920200448038,-19.5048189506329,186.68903356400463
sample_000548,samples/sample_000548.npz,train,42,47,9,17,9,14,0.0010393791944574306,-0.05175380450871668,0.749829398856889
sample_000549,samples/sample_000549.npz,train,13,26,42,54,16,23,0.06004105795876547,-3.6582746352240725,50.58897998531073
sample_000550,samples/sample_000550.npz,train,8,22,32,37,16,18,0.0506900517346444,-0.589951281644753,7.90851863416806
sample_000551,samples/sample_000551.npz,train,50,56,31,38,15,21,0.06969444373163755,-1.2823296627059384,19.12901817323696
sample_000552,samples/sample_000552.npz,train,13,21,28,35,11,17,0.0718472483350152,-3.5475734056798864,51.24331526329344
sample_000553,samples/sample_000553.npz,train,26,40,45,49,6,9,0.0023607709881178513,-0.29000300937049867,2.9653011288496294
sample_000554,samples/sample_000554.npz,train,9,25,43,52,12,20,0.02078174234122775,-2.361007051190324,30.719917028049505
sample_000555,samples/sample_000555.npz,train,12,21,31,35,3,8,0.07249353999113184,-23.461090070814286,268.2091177389723
sample_000556,samples/sample_000556.npz,train,16,27,35,50,14,16,0.007641502906228345,-0.2700217098952485,3.4694927223157994
sample_000557,samples/sample_000557.npz,train,43,48,36,44,3,7,0.02042708633680823,-6.448080715038298,77.65695384735474
sample_000558,samples/sample_000558.npz,train,40,48,33,43,6,10,0.04144724886521198,-7.799707082970028,94.31533643128604
sample_000559,samples/sample_000559.npz,train,33,44,14,26,13,15,0.07593236084021097,-2.6744617120278464,34.595920776229185
sample_000560,samples/sample_000560.npz,train,27,40,10,21,10,12,0.009615840954105417,-0.6805882614594368,7.896301476788376
sample_000561,samples/sample_000561.npz,train,39,47,43,52,10,12,0.03270538020157376,-1.2459198234401152,16.52506499769492
sample_000562,samples/sample_000562.npz,train,47,51,43,56,10,13,0.053437448204145914,-1.8814972850183342,25.44483472735903
sample_000563,samples/sample_000563.npz,train,36,42,11,26,2,5,0.09993324672098686,-70.82541431291598,556.6914538104817
sample_000564,samples/sample_000564.npz,train,19,30,31,42,13,18,0.09745764847892001,-6.178152694081139,83.53110990308963
sample_000565,samples/sample_000565.npz,train,38,50,12,26,15,19,0.016514659796392515,-0.8699683672052132,11.529203006687817
sample_000566,samples/sample_000566.npz,train,26,40,25,38,14,19,0.08063550530751493,-6.281404431174502,81.42720021428475
sample_000567,samples/sample_000567.npz,train,37,51,41,46,16,20,0.05614712999078466,-1.122727869734128,15.3196882400106
sample_000568,samples/sample_000568.npz,train,15,29,17,27,2,7,0.09078558231875045,-128.39919133539945,785.0643721504072
sample_000569,samples/sample_000569.npz,train,28,35,9,14,4,7,0.03800507911933254,-6.631791554655479,79.54578392096582
sample_000570,samples/sample_000570.npz,train,28,41,34,41,14,16,0.03850881308798161,-0.8144734765678034,10.698513591586625
sample_000571,samples/sample_000571.npz,train,11,22,39,48,13,20,0.055860330248414705,-3.5391690355911325,49.794507395323095
sample_000572,samples/sample_000572.npz,train,8,18,31,40,10,13,0.0692534152844363,-4.390059920116924,56.80919495210076
sample_000573,samples/sample_000573.npz,train,35,40,32,48,16,22,0.043288467365542274,-1.215253942836213,17.329479619021598
sample_000574,samples/sample_000574.npz,train,37,45,17,27,13,16,0.09896132889600179,-3.008678642139553,41.71637024917963
sample_000575,samples/sample_000575.npz,train,41,46,40,46,3,9,0.0728997606766544,-19.763719813262103,280.7346041004151
sample_000576,samples/sample_000576.npz,train,32,44,37,48,5,11,0.06163391564626105,-28.06404740059392,291.7850553452024
sample_000577,samples/sample_000577.npz,train,17,32,19,30,16,21,0.01859738185219331,-0.978862407391238,13.01642492270957
sample_000578,samples/sample_000578.npz,train,41,56,33,40,14,17,0.09379141250507678,-3.1236587778948186,40.17931269736356
sample_000579,samples/sample_000579.npz,train,34,48,21,31,9,16,0.09842731167533604,-18.31797304725026,226.59554891597153
sample_000580,samples/sample_000580.npz,train,9,14,32,44,3,11,0.03586025955066581,-15.76787168925325,199.86990023868958
sample_000581,samples/sample_000581.npz,train,29,43,42,50,12,17,0.039693608894997304,-2.8403068826918334,36.78427948392483
sample_000582,samples/sample_000582.npz,train,25,30,47,52,5,9,0.06503232391680146,-6.234267097913976,87.52573465605447
sample_000583,samples/sample_000583.npz,train,18,33,34,46,8,15,0.07659896676441881,-21.834809697267477,248.33485171435527
sample_000584,samples/sample_000584.npz,train,13,17,16,20,10,14,0.03147294742888488,-0.46129744913703463,6.884466510527624
sample_000585,samples/sample_000585.npz,train,37,53,14,19,3,11,0.022815896616276653,-14.25504532100163,131.44838842648687
sample_000586,samples/sample_000586.npz,train,9,20,16,25,15,18,0.03976535584639856,-1.0531779575981919,14.42677724292591
sample_000587,samples/sample_000587.npz,train,41,50,45,55,10,12,0.07543723067923559,-3.51538166190447,45.21846095705464
sample_000588,samples/sample_000588.npz,train,42,52,31,46,12,15,0.05376271489105199,-3.419609341165408,43.54674915538654
sample_000589,samples/sample_000589.npz,train,26,33,33,49,9,15,0.018071000295082386,-2.3716128594491446,30.64616642716694
sample_000590,samples/sample_000590.npz,train,21,33,18,29,15,19,0.047533233072979825,-2.028236104805259,27.433078287220297
sample_000591,samples/sample_000591.npz,train,41,56,25,39,2,9,0.030542402261365658,-54.82749322030667,324.9663256702662
sample_000592,samples/sample_000592.npz,train,48,54,45,56,3,8,0.07969697010444482,-37.843337912271444,410.4961451262319
sample_000593,samples/sample_000593.npz,train,16,29,14,27,13,20,0.06623272162259934,-6.838766448429508,90.98097272476386
sample_000594,samples/sample_000594.npz,train,14,25,36,40,16,24,0.04697824874621748,-0.9080615012212755,13.35316016527587
sample_000595,samples/sample_000595.npz,train,13,25,20,29,8,14,0.0537420985512563,-9.378371832811533,117.08836445208281
sample_000596,samples/sample_000596.npz,train,26,37,18,34,15,17,0.07287979520451983,-2.294794632431287,29.703536379697976
sample_000597,samples/sample_000597.npz,train,10,14,10,16,12,18,0.027188269450230885,-0.483000182360948,7.341234136832749
sample_000598,samples/sample_000598.npz,train,37,50,26,40,14,18,0.06078458296330537,-4.057288464999015,52.23189995637915
sample_000599,samples/sample_000599.npz,train,15,26,43,54,11,18,0.08318481730961363,-8.999890894225201,121.92184517754254
sample_000600,samples/sample_000600.npz,train,20,35,38,47,8,16,0.06570309389940301,-15.389527199134628,185.85521890854852
sample_000601,samples/sample_000601.npz,train,12,22,14,22,10,18,0.054142235247523575,-5.135981554917405,73.27228626718855
sample_000602,samples/sample_000602.npz,train,36,52,46,50,13,15,0.03727715566591426,-0.6718304631821259,8.317334130952567
sample_000603,samples/sample_000603.npz,train,23,31,18,29,6,10,0.06349885530568475,-12.786486254416944,152.1019262481655
sample_000604,samples/sample_000604.npz,train,32,44,26,35,8,16,0.074685985351906,-14.30201277884088,187.0938333529278
sample_000605,samples/sample_000605.npz,train,22,38,41,54,14,19,0.03889424589208861,-3.434031547888193,43.127206020743394
sample_000606,samples/sample_000606.npz,train,34,42,37,45,4,6,0.04830265860232581,-10.965362674030644,111.26266674489143
sample_000607,samples/sample_000607.npz,train,11,23,41,56,8,12,0.04014818646777868,-8.465281682561699,92.91280834472289
sample_000608,samples/sample_000608.npz,train,20,34,41,54,2,7,0.0511798968478782,-80.86126459611347,455.0583388261291
sample_000609,samples/sample_000609.npz,train,8,17,17,24,10,12,0.009011403940658622,-0.3077531752992324,4.075093069539641
sample_000610,samples/sample_000610.npz,train,38,53,36,41,12,20,0.01973420884184085,-1.2069551637165674,16.314295673828862
sample_000611,samples/sample_000611.npz,train,21,35,37,48,12,17,0.024744578830573846,-2.354566763906689,29.870403171286128
sample_000612,samples/sample_000612.npz,train,31,46,39,52,2,8,0.09116664580985016,-156.80998971142677,893.4445328566109
sample_000613,samples/sample_000613.npz,train,27,37,30,37,7,11,0.09124685543511707,-11.811856517240512,146.77922612490187
sample_000614,samples/sample_000614.npz,train,9,15,33,48,7,13,0.008399288764952825,-1.436793496176385,18.244404852228968
sample_000615,samples/sample_000615.npz,train,24,33,17,26,3,6,0.018006155541649048,-9.275622470562002,81.69420819869843
sample_000616,samples/sample_000616.npz,train,22,38,34,42,7,14,0.07965218981001752,-21.804553259758826,242.02674093246466
sample_000617,samples/sample_000617.npz,train,33,47,18,32,6,10,0.03406390535249389,-13.129401752003082,120.43446745944354
sample_000618,samples/sample_000618.npz,train,32,38,32,47,7,14,0.08897487246986795,-16.014223603029482,208.47436199218805
sample_000619,samples/sample_000619.npz,train,11,15,8,20,6,12,0.015740301301496198,-2.0325941237639,27.527078881779907
sample_000620,samples/sample_000620.npz,train,20,36,11,17,13,17,0.041383909222616484,-1.8498794888336991,23.39749681197378
sample_000621,samples/sample_000621.npz,train,16,31,30,46,5,12,0.05758397500774092,-41.39279695140471,362.8106594395661
sample_000622,samples/sample_000622.npz,train,19,29,33,45,15,20,0.07288468388678314,-3.273517758918963,45.42913590532755
sample_000623,samples/sample_000623.npz,train,38,53,23,29,2,6,0.03145700483896493,-33.119706005740355,206.3673288437777
sample_000624,samples/sample_000624.npz,train,47,55,34,38,13,19,0.020504685083353187,-0.4057865492194572,5.997277107009763
sample_000625,samples/sample_000625.npz,train,36,43,9,14,13,21,0.03480841764592336,-0.8590432965700675,13.051934695980744
sample_000626,samples/sample_000626.npz,train,45,51,18,23,7,15,0.07433216691558699,-5.4932544499713245,85.64763662980549
sample_000627,samples/sample_000627.npz,train,21,34,12,26,11,18,0.05359924404413231,-8.307927447114375,105.57677310807152
sample_000628,samples/sample_000628.npz,train,14,19,25,36,2,9,0.07080785208245283,-45.10232278406572,518.9594755162889
sample_000629,samples/sample_000629.npz,train,20,27,8,21,9,11,0.053228091419184435,-3.036202065538177,38.004573862091476
sample_000630,samples/sample_000630.npz,train,29,33,15,19,3,10,0.014877325381055545,-2.2846615525416003,37.668518873236266
sample_000631,samples/sample_000631.npz,train,10,20,8,22,12,15,0.09089595958688933,-5.48617959563742,70.45021497607205
sample_000632,samples/sample_000632.npz,train,30,41,40,47,7,11,0.06907750021490819,-9.753107641769255,117.3899116675873
sample_000633,samples/sample_000633.npz,train,45,53,14,29,8,11,0.03318476807815151,-4.040121665391279,47.64434751205296
sample_000634,samples/sample_000634.npz,train,37,50,20,25,5,7,0.0149950904392579,-2.382976582056337,22.060600196697767
sample_000635,samples/sample_000635.npz,train,28,39,35,43,8,12,0.0659006338666964,-7.975501487965335,98.11661135237411
sample_000636,samples/sample_000636.npz,train,12,23,39,44,11,13,0.019186972602667524,-0.459319506412752,6.016541989612915
sample_000637,samples/sample_000637.npz,train,19,24,19,27,6,14,0.08983215536816369,-11.148504415857225,169.61719088661408
sample_000638,samples/sample_000638.npz,train,13,29,45,52,6,8,0.04177962691363045,-7.2542531675999,63.75808981453329
sample_000639,samples/sample_000639.npz,train,42,49,38,42,15,20,0.09193962999598732,-1.023722836067312,15.149399730430492
sample_000640,samples/sample_000640.npz,train,18,30,13,27,6,10,0.08666343491735821,-29.25338184327257,288.6902734499696
sample_000641,samples/sample_000641.npz,train,51,56,20,27,9,15,0.012147642821519485,-0.5802185240046699,8.661589365713553
sample_000642,samples/sample_000642.npz,train,49,56,28,37,7,12,0.09518685085741235,-12.046019966573287,162.35064256456232
sample_000643,samples/sample_000643.npz,train,16,24,30,41,6,14,0.05064419947898869,-12.78464765818235,170.74580887394558
sample_000644,samples/sample_000644.npz,train,18,32,12,17,3,10,0.06958419660348379,-39.77747994085852,377.6818527909295
sample_000645,samples/sample_000645.npz,train,27,40,29,43,10,15,0.015090278175608322,-2.3955962074269963,28.6098754544502
sample_000646,samples/sample_000646.npz,train,24,38,25,31,5,12,0.0012828099361444074,-0.4239378403820996,4.6595603572213475
sample_000647,samples/sample_000647.npz,train,20,29,29,40,2,5,0.03396535470942142,-30.998028759319187,212.94737069068583
sample_000648,samples/sample_000648.npz,train,34,41,25,37,9,17,0.07628305272257331,-8.96974435407875,127.32373420696257
sample_000649,samples/sample_000649.npz,train,22,32,47,55,7,9,0.05753508443670514,-5.449190515285341,62.90314967536622
sample_000650,samples/sample_000650.npz,train,36,52,13,25,7,12,0.038812053558169475,-12.986176966366454,128.26999030164313
sample_000651,samples/sample_000651.npz,train,20,25,38,50,11,13,0.06290860588684982,-1.5390126153211625,20.95575591668748
sample_000652,samples/sample_000652.npz,train,19,23,34,50,6,8,0.07699768925700552,-6.639719773530835,73.94351537756722
sample_000653,samples/sample_000653.npz,train,24,36,17,30,2,4,0.002077993939950288,-2.085341834140309,9.963073100667255
sample_000654,samples/sample_000654.npz,train,45,49,35,42,11,18,0.09486132654219788,-2.532342118947061,38.750480561086
sample_000655,samples/sample_000655.npz,train,28,37,28,39,6,14,0.01597592714947343,-4.5054925603534315,58.462726696368016
sample_000656,samples/sample_000656.npz,train,20,36,25,29,16,23,0.0018598524577218567,-0.048151944809202415,0.6602214335989939
sample_000657,samples/sample_000657.npz,train,26,42,32,46,4,7,0.0015139953281769407,-1.0440036529594403,6.547321489092765
sample_000658,samples/sample_000658.npz,train,8,13,46,53,16,24,0.09630801599570665,-1.4806949963542908,22.606756424635343
sample_000659,samples/sample_000659.npz,train,9,19,45,56,15,17,0.09487348918906524,-1.9852942062682757,27.031984864859176
sample_000660,samples/sample_000660.npz,train,36,44,10,26,4,8,0.05423959099152242,-25.25006376947226,237.11103187065663
sample_000661,samples/sample_000661.npz,train,13,29,29,40,11,15,0.0657706325932955,-7.467117954822507,87.08587785041291
sample_000662,samples/sample_000662.npz,train,44,55,10,16,2,7,0.006697112220399461,-5.780698707283486,48.17928262854397
sample_000663,samples/sample_000663.npz,train,24,34,25,32,16,19,0.04341575672334966,-0.7030412332604167,9.921595583114806
sample_000664,samples/sample_000664.npz,train,17,25,33,42,4,12,0.08403973311863938,-33.080591694148325,426.643841263027
sample_000665,samples/sample_000665.npz,train,33,39,8,20,9,17,0.06278752808661506,-6.351486103996144,91.54970663322261
sample_000666,samples/sample_000666.npz,train,21,28,43,50,4,11,0.07758057639452705,-22.02360400650298,301.33338523818827
sample_000667,samples/sample_000667.npz,train,49,55,16,20,11,17,0.07231700595197937,-1.5729956714155704,23.722865436661813
sample_000668,samples/sample_000668.npz,train,15,25,21,36,12,17,0.06454835079156006,-5.773851895805405,75.56372872350723
sample_000669,samples/sample_000669.npz,train,26,34,12,24,3,9,0.01957617848886127,-12.934195688567213,130.7684855159414
sample_000670,samples/sample_000670.npz,train,25,31,26,37,13,20,0.01884480069714719,-0.792944341287077,11.639067230437277
sample_000671,samples/sample_000671.npz,train,42,47,45,50,8,13,0.09805912240255839,-4.059982893857698,60.42916410864772
sample_000672,samples/sample_000672.npz,train,32,41,42,51,12,15,0.08253588419811173,-3.099484863716572,42.07556439687271
sample_000673,samples/sample_000673.npz,train,23,36,21,28,7,10,0.0761574448440128,-10.657378196333667,116.27171759376817
sample_000674,samples/sample_000674.npz,train,11,19,12,18,11,18,0.08986110209548144,-4.104737955756266,60.63361893873996
sample_000675,samples/sample_000675.npz,train,38,46,43,51,3,10,0.07004966571448806,-36.49596649773514,431.3089590242907
sample_000676,samples/sample_000676.npz,train,23,30,43,47,14,21,0.035516223465820895,-0.56150608671699,8.469321927290759
sample_000677,samples/sample_000677.npz,train,34,48,12,24,16,18,0.005540020144995351,-0.14681939150832407,1.908154890995461
sample_000678,samples/sample_000678.npz,train,42,52,20,26,14,21,0.0719895099236082,-2.3999990504702935,34.93660107120137
sample_000679,samples/sample_000679.npz,train,17,30,41,52,14,16,0.04411708930219734,-1.4095649558514245,18.126201711438284
sample_000680,samples/sample_000680.npz,train,41,51,28,36,9,15,0.014179875799194597,-1.4964870865368656,20.262703898550292
sample_000681,samples/sample_000681.npz,train,40,55,8,16,2,8,0.03515585220563886,-46.76446869392501,311.6883618973489
sample_000682,samples/sample_000682.npz,train,46,56,39,50,8,14,0.029170942751907066,-5.075952696824411,64.88128334915747
sample_000683,samples/sample_000683.npz,train,16,23,22,35,7,13,0.05940617895115008,-10.681626513640198,137.59880818152874
sample_000684,samples/sample_000684.npz,train,44,49,38,48,9,13,0.004960107844104166,-0.2662954999387546,3.711244824060635
sample_000685,samples/sample_000685.npz,train,40,53,14,19,15,23,0.06524321911197109,-2.1404887200634986,30.62693344594002
sample_000686,samples/sample_000686.npz,train,27,40,30,38,13,15,0.04989339299781281,-1.438564108630185,18.516644370933633
sample_000687,samples/sample_000687.npz,train,9,22,12,24,2,8,0.043844552807899055,-65.4065936238469,424.7226825191422
sample_000688,samples/sample_000688.npz,train,49,56,30,35,6,11,0.06470531710410202,-6.57200469572415,91.67042385135657
sample_000689,samples/sample_000689.npz,train,11,16,47,55,15,18,0.04097860104900441,-0.44869406680738877,6.533828347922713
sample_000690,samples/sample_000690.npz,train,45,55,10,21,6,14,0.07205384562820562,-22.368720120695272,282.17858082964534
sample_000691,samples/sample_000691.npz,train,38,54,18,23,7,11,0.03641666716020648,-5.276278267686132,54.86213868654472
sample_000692,samples/sample_000692.npz,train,21,36,43,51,6,9,0.03107373641778496,-7.398224935311964,68.92437548384422
sample_000693,samples/sample_000693.npz,train,10,23,24,37,13,19,0.09687173941940677,-9.236838340034145,121.14083168916856
sample_000694,samples/sample_000694.npz,train,39,47,15,29,15,17,0.08598472894857777,-1.7839364612112476,24.251939689121762
sample_000695,samples/sample_000695.npz,train,23,34,30,39,15,22,0.0638343875941173,-2.9397847922611113,41.93800656321874
sample_000696,samples/sample_000696.npz,train,43,48,44,55,11,17,0.04275065539723375,-2.003706959072209,28.912896855616662
sample_000697,samples/sample_000697.npz,train,12,24,25,40,2,4,0.05482532043864408,-56.87027361202236,262.17639309815127
sample_000698,samples/sample_000698.npz,train,19,34,44,56,4,7,0.03971716544434335,-24.212933282913664,166.35367588148696
sample_000699,samples/sample_000699.npz,train,18,34,42,51,4,12,0.09367727728369145,-67.21805266320327,617.5405153121965
sample_000700,samples/sample_000700.npz,train,13,27,40,48,16,18,0.004637995767599972,-0.08485372264564232,1.124588596772609
sample_000701,samples/sample_000701.npz,train,21,29,44,52,11,14,0.031134964089588237,-1.1530215935407793,15.884511800489252
sample_000702,samples/sample_000702.npz,train,37,52,38,49,3,11,0.07650724141827965,-83.2521269858598,674.518840642711
sample_000703,samples/sample_000703.npz,train,40,53,39,44,5,13,0.034234309756922036,-9.160417256592817,110.03207293400462
sample_000704,samples/sample_000704.npz,train,47,52,35,40,6,14,0.03694861707799004,-3.002675684193799,48.101574172408824
sample_000705,samples/sample_000705.npz,train,9,24,14,20,3,5,0.024387074529396223,-11.869528325824705,75.48507137740894
sample_000706,samples/sample_000706.npz,train,47,53,41,51,7,9,0.09243291586384605,-6.461593359907182,81.16655493520909
sample_000707,samples/sample_000707.npz,train,24,34,41,53,12,16,0.06528890196625312,-4.243818207538967,56.305643772273946
sample_000708,samples/sample_000708.npz,train,46,50,15,24,10,17,0.07344425984969595,-3.019065236674165,45.42787768930777
sample_000709,samples/sample_000709.npz,train,42,54,29,34,16,19,0.09354480215353,-1.3041671890181272,18.101809292317316
sample_000710,samples/sample_000710.npz,train,21,37,13,25,15,18,0.09678492984754004,-4.737274327629958,59.391944649447666
sample_000711,samples/sample_000711.npz,train,26,41,30,39,6,8,0.02784583262542098,-5.599827020492917,49.29979294189449
sample_000712,samples/sample_000712.npz,train,32,39,43,51,5,13,0.04275093329991407,-9.819029957459616,139.8445348457354
sample_000713,samples/sample_000713.npz,train,29,37,31,43,2,6,0.05826589778329937,-54.41133723160493,423.63409998135984
sample_000714,samples/sample_000714.npz,train,35,48,17,33,2,10,0.019433364794488216,-32.998172174245596,219.5239886855607
sample_000715,samples/sample_000715.npz,train,17,30,29,40,3,9,0.07160256761499817,-68.38690773696914,544.0211202156889
sample_000716,samples/sample_000716.npz,train,41,51,24,37,16,24,0.07053131400825077,-3.8407477247173345,54.989466578142796
sample_000717,samples/sample_000717.npz,train,39,43,25,41,2,7,0.08109523495903415,-47.892152224640064,462.9121875722695
sample_000718,samples/sample_000718.npz,train,26,35,32,39,5,10,0.09247970713879339,-22.064402416416414,269.225983053873
sample_000719,samples/sample_000719.npz,train,26,37,35,39,3,6,0.09897936700327498,-33.60534264894225,300.3946250209416
sample_000720,samples/sample_000720.npz,train,31,45,34,46,14,18,0.04552537924531776,-2.8574392884270274,36.78069155505312
sample_000721,samples/sample_000721.npz,train,41,51,43,51,9,14,0.055170111125114094,-5.361834868898165,71.1833750558049
sample_000722,samples/sample_000722.npz,train,11,18,23,28,14,18,0.0350926973073846,-0.4979733325994663,7.2563399723411885
sample_000723,samples/sample_000723.npz,train,13,23,18,30,11,19,0.010805164124200583,-1.2133402198886207,16.86437021677288
sample_000724,samples/sample_000724.npz,train,17,31,8,21,11,14,0.039926517548697714,-3.7823548106073765,44.47130570176151
sample_000725,samples/sample_000725.npz,train,39,43,44,48,4,9,0.012539770888037056,-1.2358113534733783,18.759989997452355
sample_000726,samples/sample_000726.npz,train,29,41,39,44,11,18,0.06751273774805205,-3.8204571494009913,53.07145942778827
sample_000727,samples/sample_000727.npz,train,30,37,40,47,15,21,0.022151763866214123,-0.47466485958326854,7.019826765105201
sample_000728,samples/sample_000728.npz,train,30,37,42,52,11,15,0.022323321113404106,-1.071156040509342,14.880347953352107
sample_000729,samples/sample_000729.npz,train,16,27,35,40,12,14,0.08142055371484687,-1.5708161493884911,20.91228405328155
sample_000730,samples/sample_000730.npz,train,36,50,35,48,14,16,0.06425565103996372,-2.5377334582050497,31.69619038866485
sample_000731,samples/sample_000731.npz,train,11,16,37,46,6,12,0.09617210491624083,-12.42993115722765,176.32980663267182
sample_000732,samples/sample_000732.npz,train,13,17,38,52,6,10,0.052744200808531524,-6.426540011004818,79.10399068739429
sample_000733,samples/sample_000733.npz,train,43,55,16,25,8,12,0.09114702140584605,-13.176918717692539,156.4571794136269
sample_000734,samples/sample_000734.npz,train,18,31,10,14,6,9,0.046539089261639924,-5.368394414280921,57.04118074819241
sample_000735,samples/sample_000735.npz,train,31,36,16,27,4,8,0.06132753337461183,-15.570869980297465,183.96951706673912
sample_000736,samples/sample_000736.npz,train,11,24,34,49,11,16,0.03667038598142282,-5.047825299765068,61.43175023234237
sample_000737,samples/sample_000737.npz,train,35,40,8,24,6,9,0.024215119432591057,-3.3709874087986047,38.18011382092928
sample_000738,samples/sample_000738.npz,train,49,55,22,29,14,16,0.09904240427916607,-0.9896398444692395,14.239950214073236
sample_000739,samples/sample_000739.npz,train,36,41,41,45,12,17,0.05881901811993778,-0.7998177377830714,12.002493460914648
sample_000740,samples/sample_000740.npz,train,22,32,20,27,6,12,0.08972638420283792,-18.122575361998656,230.44359717719806
sample_000741,samples/sample_000741.npz,train,24,30,40,54,6,14,0.07761045293115103,-17.72032850777594,234.1902672648584
sample_000742,samples/sample_000742.npz,train,11,24,20,27,9,11,0.0355917173488642,-2.185762537378607,25.470887311971833
sample_000743,samples/sample_000743.npz,train,19,34,12,19,7,11,0.04876774368058882,-9.02415417750198,95.3076498205206
sample_000744,samples/sample_000744.npz,train,23,36,37,49,15,22,0.020307581546474635,-1.4310557293572912,19.604070661688105
sample_000745,samples/sample_000745.npz,train,28,36,15,24,12,15,0.06894767490176862,-2.3105793351888955,31.882217887059966
sample_000746,samples/sample_000746.npz,train,42,47,19,26,3,11,0.07245688648366722,-21.939726546497337,327.68217925261115
sample_000747,samples/sample_000747.npz,train,41,52,16,26,7,9,0.01533506602316196,-1.8738815701914833,20.392845772010375
sample_000748,samples/sample_000748.npz,train,21,33,33,46,15,19,0.09364674439032598,-4.630262584263641,61.83229448919649
sample_000749,samples/sample_000749.npz,train,12,20,17,24,13,21,0.06706273411064605,-2.6119712416744916,39.06300328910347
sample_000750,samples/sample_000750.npz,train,26,33,34,44,4,9,0.07824676138768072,-27.41695314538877,319.5789188883789
sample_000751,samples/sample_000751.npz,train,15,30,31,37,4,6,0.0540619835657106,-16.619907770900394,124.24602894160009
sample_000752,samples/sample_000752.npz,train,32,39,42,52,9,12,0.07448659740877729,-4.644714919578863,61.730491087400225
sample_000753,samples/sample_000753.npz,train,16,22,18,27,3,10,0.03103692418653597,-13.533516380004507,170.96896430978177
sample_000754,samples/sample_000754.npz,train,21,36,16,24,11,18,0.05046242167953203,-5.495677402551917,70.81053375709043
sample_000755,samples/sample_000755.npz,train,25,32,40,46,9,12,0.07076124456359788,-2.8227390841621016,38.964476070246924
sample_000756,samples/sample_000756.npz,train,37,46,16,27,10,17,0.016055858069360242,-1.7415212754156568,24.02370139280312
sample_000757,samples/sample_000757.npz,train,16,24,52,56,12,18,0.08891623548118936,-2.1118408067133783,31.137762695572633
sample_000758,samples/sample_000758.npz,train,9,16,15,31,2,6,0.069253506212617,-63.0118411296611,487.4191476506746
sample_000759,samples/sample_000759.npz,train,28,44,21,35,15,21,0.099269819003982,-8.94004693130931,114.87752885302363
sample_000760,samples/sample_000760.npz,train,9,23,18,24,15,20,0.017984021335995824,-0.5837844609371989,7.937738896468952
sample_000761,samples/sample_000761.npz,train,12,19,18,22,10,17,0.09989344875453733,-3.3127443916701647,49.961551042502904
sample_000762,samples/sample_000762.npz,train,43,51,44,50,14,19,0.04261890284701827,-0.9495624372278167,13.825705009173737
sample_000763,samples/sample_000763.npz,train,15,28,8,15,14,20,0.004602095698777169,-0.21150171568577364,2.911135198300133
sample_000764,samples/sample_000764.npz,train,22,28,40,56,7,15,0.035165152416668816,-6.851477834983701,89.67375667281355
sample_000765,samples/sample_000765.npz,train,15,21,44,56,15,21,0.06949683480465742,-2.1132086235359355,30.638984908591524
sample_000766,samples/sample_000766.npz,train,18,31,34,47,16,18,0.08031516446294967,-2.1283624763034403,27.879705692579606
sample_000767,samples/sample_000767.npz,train,29,38,14,27,12,15,0.04220988864394608,-2.1708298631803187,28.525862670255897
sample_000768,samples/sample_000768.npz,train,11,23,42,49,11,17,0.025309146628115137,-1.8436264505097257,24.909570656653866
sample_000769,samples/sample_000769.npz,train,30,42,29,36,12,16,0.015108140984428267,-0.7212612710126391,9.581399264426492
sample_000770,samples/sample_000770.npz,train,15,24,29,40,7,15,0.004116359620981177,-0.9000869152728416,12.035627876359682
sample_000771,samples/sample_000771.npz,train,47,56,12,20,2,6,0.00947956826371853,-8.112477182451636,66.23308407693038
sample_000772,samples/sample_000772.npz,train,30,42,20,31,5,7,0.006749027941812254,-1.7901763897706913,15.614787215952385
sample_000773,samples/sample_000773.npz,train,37,44,30,43,14,18,0.013672298181981641,-0.4711725300964304,6.566246923659407
sample_000774,samples/sample_000774.npz,train,43,48,43,49,10,16,0.09766710601639568,-3.234124888163795,48.68084817624058
sample_000775,samples/sample_000775.npz,train,36,52,30,35,11,19,0.017051153403550984,-1.3271122556629003,17.328753163989315
sample_000776,samples/sample_000776.npz,train,14,27,34,48,6,9,0.049054513983139605,-15.083139838685986,137.75876861165023
sample_000777,samples/sample_000777.npz,train,42,48,38,48,15,17,0.04327415861775144,-0.5042410971791166,7.184156663697257
sample_000778,samples/sample_000778.npz,train,19,34,39,51,6,11,0.05736153820996192,-23.61436025041274,224.622884617843
sample_000779,samples/sample_000779.npz,train,11,27,32,46,13,20,0.028849854125571766,-3.853296723464874,48.46860787953491
sample_000780,samples/sample_000780.npz,train,29,33,39,44,12,19,0.05975948934445108,-0.9556925518062434,14.755924172590127
sample_000781,samples/sample_000781.npz,train,25,32,48,53,16,23,0.08974038895696841,-1.2958401711759269,19.502827244094348
sample_000782,samples/sample_000782.npz,train,28,44,40,49,13,20,0.05570863074821445,-5.037040735369516,65.58972170598656
sample_000783,samples/sample_000783.npz,train,18,34,27,37,10,17,0.012365105533500235,-2.1155486800367824,25.68872903744884
sample_000784,samples/sample_000784.npz,train,29,43,9,24,8,12,0.02567799868408743,-6.213878213112042,64.47034922213307
sample_000785,samples/sample_000785.npz,train,28,35,23,33,6,9,0.052194481746780694,-7.457151990334516,90.51321319832267
sample_000786,samples/sample_000786.npz,train,47,55,15,29,6,12,0.004734720601990965,-1.31696186516609,15.715116048253286
sample_000787,samples/sample_000787.npz,train,23,31,20,34,12,19,0.07795695824707972,-6.352804804933299,88.46658529503293
sample_000788,samples/sample_000788.npz,train,15,26,15,29,4,9,0.055880855115161075,-35.238707916035864,313.1805466192422
sample_000789,samples/sample_000789.npz,train,24,33,35,46,12,16,0.04624875285446403,-2.5223703679000886,34.16207372063209
sample_000790,samples/sample_000790.npz,train,39,52,26,42,7,12,0.052221603499634055,-17.57777881743329,179.11138558891827
sample_000791,samples/sample_000791.npz,train,11,24,26,33,13,17,0.013069642932520855,-0.5579163583854522,7.388893780137112
sample_000792,samples/sample_000792.npz,train,27,34,15,30,7,9,0.08440624504355211,-8.88874575038703,100.2276803195811
sample_000793,samples/sample_000793.npz,train,37,43,33,43,11,19,0.023127335985741113,-1.3477941269973046,20.084760570980716
sample_000794,samples/sample_000794.npz,train,44,53,37,50,10,13,0.06491400199730894,-5.026911928384837,63.38069169610088
sample_000795,samples/sample_000795.npz,train,36,52,43,56,2,10,0.0713102231552345,-130.1379357840913,801.1553257221232
sample_000796,samples/sample_000796.npz,train,10,25,9,25,7,10,0.016337618338621494,-4.64920148809634,41.728376159591065
sample_000797,samples/sample_000797.npz,train,35,40,19,33,3,8,0.007747233271036307,-3.495883425704883,37.11539007125059
sample_000798,samples/sample_000798.npz,train,24,29,35,44,15,22,0.07636206539131787,-1.618552336511067,24.27354841128736
sample_000799,samples/sample_000799.npz,train,25,40,36,48,9,17,0.0019790299285753817,-0.4772050718464908,5.760159647911607
sample_000800,samples/sample_000800.npz,train,33,46,23,35,4,7,0.006644005211943048,-3.6091377060027763,27.30043566155063
sample_000801,samples/sample_000801.npz,train,31,35,36,42,6,8,0.08636142924566877,-3.7643194104889752,51.452710991781444
sample_000802,samples/sample_000802.npz,train,19,33,19,30,12,20,0.09392211312813202,-11.285911930944884,150.19805539315826
sample_000803,samples/sample_000803.npz,train,17,32,32,38,7,10,0.00997525401838285,-1.3785943734118313,14.121337611853397
sample_000804,samples/sample_000804.npz,train,29,45,33,47,14,21,0.08569958218931702,-9.77752447874158,125.28768057260778
sample_000805,samples/sample_000805.npz,train,40,54,32,41,15,22,0.06628140563466832,-3.849536412273822,52.952583636364444
sample_000806,samples/sample_000806.npz,train,28,32,26,37,7,9,0.05169322789009363,-2.6150245496901077,33.64942340380297
sample_000807,samples/sample_000807.npz,train,18,33,10,22,4,8,0.029839767963207975,-20.667223824515418,152.25399184763936
sample_000808,samples/sample_000808.npz,train,41,51,32,40,9,13,0.09052130781476869,-7.826118334967377,101.77410825757937
sample_000809,samples/sample_000809.npz,train,25,38,47,53,2,9,0.05628609931073906,-54.411791982359226,466.588925662715
sample_000810,samples/sample_000810.npz,train,28,41,27,37,14,21,0.05419281809517339,-3.7729496105394937,51.76897210432552
sample_000811,samples/sample_000811.npz,train,9,22,43,53,10,12,0.09804537740399724,-6.431300046046378,75.50695494444291
sample_000812,samples/sample_000812.npz,train,22,29,27,34,2,7,0.055445985725224654,-36.69810598697297,383.1001375086128
sample_000813,samples/sample_000813.npz,train,35,39,15,29,6,9,0.021173366938428216,-2.2089047557536623,26.465118624910303
sample_000814,samples/sample_000814.npz,train,34,38,30,45,4,9,0.020616651135724952,-5.373960199007572,60.95511349908193
sample_000815,samples/sample_000815.npz,train,12,22,34,49,6,13,0.06254546416300684,-23.349075339572206,266.1430318057103
sample_000816,samples/sample_000816.npz,train,29,45,11,24,4,8,0.043024898388818296,-32.76470417793858,225.10482293463795
sample_000817,samples/sample_000817.npz,train,50,55,8,16,12,16,0.016066472961831137,-0.3711505621806015,5.393166607108771
sample_000818,samples/sample_000818.npz,train,20,29,24,39,7,12,0.051216175483451316,-11.902898149887067,138.1978822431499
sample_000819,samples/sample_000819.npz,train,31,38,28,35,7,14,0.057387940544949764,-6.538784325403946,95.21043481964038
sample_000820,samples/sample_000820.npz,train,37,41,22,27,6,12,0.0016859702604457545,-0.10488898233932673,1.6101853453121833
sample_000821,samples/sample_000821.npz,train,26,31,41,53,5,7,0.09546881417142017,-12.180510038937934,138.646195111918
sample_000822,samples/sample_000822.npz,train,37,53,21,28,3,8,0.02530829716989403,-20.472544476944805,150.28221008716864
sample_000823,samples/sample_000823.npz,train,46,52,15,27,16,21,0.06935398727510615,-1.6188145024157063,23.378662735498963
sample_000824,samples/sample_000824.npz,train,27,32,13,27,12,19,0.05252021439758008,-2.699003154315181,38.54632771993
sample_000825,samples/sample_000825.npz,train,40,54,29,35,15,21,0.09585945067021581,-3.471711002341119,47.739837859726634
sample_000826,samples/sample_000826.npz,train,15,25,12,27,5,12,0.01437744417051047,-7.014373173514224,75.35073998055653
sample_000827,samples/sample_000827.npz,train,51,55,24,32,13,16,0.00659433941221242,-0.0825959177248195,1.2060940785120209
sample_000828,samples/sample_000828.npz,train,31,40,30,43,15,20,0.05359246123902537,-2.3309022223526807,32.479650142024056
sample_000829,samples/sample_000829.npz,train,47,54,32,37,9,12,0.006397131484321999,-0.21505070112990543,3.007184809048379
sample_000830,samples/sample_000830.npz,train,38,44,27,36,9,13,0.03455431833999136,-2.0268378399636973,28.20865298291371
sample_000831,samples/sample_000831.npz,train,15,29,10,15,12,15,0.08792702632932836,-2.8946643933011362,36.86393858044218
sample_000832,samples/sample_000832.npz,train,18,23,33,37,9,13,0.0012552848602094707,-0.029171304000629082,0.4290419568501724
sample_000833,samples/sample_000833.npz,train,32,40,31,43,11,13,0.03420544296397985,-1.3233351304562508,17.339004224291244
sample_000834,samples/sample_000834.npz,train,28,43,20,26,10,15,0.027767480159985796,-2.4119679726842946,29.615086667894282
sample_000835,samples/sample_000835.npz,train,36,49,28,41,12,19,0.05789647525970371,-7.074947728604181,92.63096583575286
sample_000836,samples/sample_000836.npz,train,41,53,8,15,7,12,0.09340988382935571,-15.76225708631764,189.5219541785619
sample_000837,samples/sample_000837.npz,train,10,16,38,49,9,14,0.010977074326939288,-0.8576260317444624,11.830234014206363
sample_000838,samples/sample_000838.npz,train,18,24,24,31,10,12,0.08012209860516346,-1.8540228504814693,25.87542539426709
sample_000839,samples/sample_000839.npz,train,21,34,19,34,16,23,0.008462874493332103,-0.6280365691929036,8.526705180632838
sample_000840,samples/sample_000840.npz,train,43,55,29,42,8,10,0.09892973273120875,-11.933011062963072,127.23971355238875
sample_000841,samples/sample_000841.npz,train,40,56,14,22,3,7,0.022681655065113913,-19.07529316693622,126.24880085733643
sample_000842,samples/sample_000842.npz,train,30,40,18,28,4,6,0.05582893901374124,-17.502542959262684,152.69025212033335
sample_000843,samples/sample_000843.npz,train,42,51,38,48,13,16,0.055994531435469085,-1.907477843585479,26.07169363017875
sample_000844,samples/sample_000844.npz,train,13,24,37,53,2,4,0.052012442164508274,-51.06227483904196,248.85314121038792
sample_000845,samples/sample_000845.npz,train,18,30,12,24,11,18,0.01006808711447267,-1.2751046399004953,16.858343184961022
sample_000846,samples/sample_000846.npz,train,45,50,49,54,14,20,0.07525067647670847,-0.9806139170202783,14.795931027292033
sample_000847,samples/sample_000847.npz,train,8,19,34,49,16,21,0.02997259392292675,-1.5418457825884184,20.959311009270934
sample_000848,samples/sample_000848.npz,train,14,19,8,13,9,17,0.09168038452568289,-3.50645503591761,55.25486871003581
sample_000849,samples/sample_000849.npz,train,9,23,20,33,11,16,0.05666173813685834,-7.465697824262717,91.0617265745407
sample_000850,samples/sample_000850.npz,train,38,43,39,45,3,6,0.06793474460497999,-16.101061382435468,196.75662307212454
sample_000851,samples/sample_000851.npz,train,44,48,13,21,2,9,0.05596235162867253,-24.02157204938429,325.16961061231854
sample_000852,samples/sample_000852.npz,train,39,48,9,13,10,16,0.031746214478093775,-1.2632186460650117,18.13354347131781
sample_000853,samples/sample_000853.npz,train,22,36,45,55,11,17,0.08959179190453834,-10.427313856018008,132.89742760111116
sample_000854,samples/sample_000854.npz,train,36,48,12,27,8,14,0.08285809654275851,-21.450210173302743,247.21047379044396
sample_000855,samples/sample_000855.npz,train,34,48,32,37,3,8,0.03795791670017722,-21.23745140092467,179.6267597500223
sample_000856,samples/sample_000856.npz,train,8,22,36,50,14,20,0.09554366709980054,-8.844512132143768,115.16965255533681
sample_000857,samples/sample_000857.npz,train,17,33,39,44,16,22,0.05507245148807173,-1.6276237022322557,22.066140096782274
sample_000858,samples/sample_000858.npz,train,36,46,49,56,4,10,0.022177245450409964,-8.551539646904706,98.18492136223554
sample_000859,samples/sample_000859.npz,train,39,52,51,56,11,18,0.06195710896841258,-3.782735695058508,51.43626754608217
sample_000860,samples/sample_000860.npz,train,15,31,21,36,4,7,0.02547353282453977,-18.071128492712546,110.94742579411663
sample_000861,samples/sample_000861.npz,train,19,23,19,34,4,6,0.07654949265832522,-12.884151896545966,129.3715191322668
sample_000862,samples/sample_000862.npz,train,20,26,14,30,5,8,0.03360291314749748,-7.542933105931685,78.67769356240842
sample_000863,samples/sample_000863.npz,train,13,20,43,51,14,22,0.014414023517013624,-0.4753091560724692,7.130952794950516
sample_000864,samples/sample_000864.npz,train,35,49,9,23,16,24,0.01713387235245855,-1.3797949176647362,18.852821262012714
sample_000865,samples/sample_000865.npz,train,39,55,44,56,11,18,0.08945098894287634,-14.792520699437514,181.07285454136726
sample_000866,samples/sample_000866.npz,train,19,35,11,25,2,10,0.06678434803451494,-126.13248115922032,757.5622443666333
sample_000867,samples/sample_000867.npz,train,27,41,34,40,15,23,0.04429276391162187,-1.863476188119698,26.219520844405572
sample_000868,samples/sample_000868.npz,train,35,51,41,50,5,12,0.07244032907552658,-37.65626178779222,362.92371100029357
sample_000869,samples/sample_000869.npz,train,12,18,25,41,12,14,0.046318514235042074,-1.3793851384066615,18.011054356027437
sample_000870,samples/sample_000870.npz,train,26,40,18,34,15,21,0.010600707286615888,-0.9417901478816438,12.269932093351946
sample_000871,samples/sample_000871.npz,train,37,49,25,38,8,13,0.058768616792088904,-12.675191919141636,146.36915298838366
sample_000872,samples/sample_000872.npz,train,35,44,26,37,16,24,0.001341228444490672,-0.05657342747127551,0.8265981126218759
sample_000873,samples/sample_000873.npz,train,20,35,22,36,13,19,0.03599167884469556,-4.174818610164877,52.60036715718098
sample_000874,samples/sample_000874.npz,train,27,38,25,41,13,19,0.02863896383630773,-2.7606234796084452,36.300761459413536
sample_000875,samples/sample_000875.npz,train,23,27,9,22,10,13,0.011840355391661585,-0.4168910994673034,5.637916785593002
sample_000876,samples/sample_000876.npz,train,29,40,14,22,14,18,0.026998394595436213,-0.9333690813535443,12.84969134494402
sample_000877,samples/sample_000877.npz,train,35,40,13,28,9,17,0.0016337316893158703,-0.1645336250225991,2.3000058212565824
sample_000878,samples/sample_000878.npz,train,44,52,51,56,2,8,0.020877335833554576,-11.978665370173937,134.5676920364475
sample_000879,samples/sample_000879.npz,train,26,40,21,36,2,4,0.08529468861980086,-98.61869625316334,404.54733855901947
sample_000880,samples/sample_000880.npz,train,19,30,10,25,11,18,0.045926828007012956,-6.421239885814518,83.6696538198412
sample_000881,samples/sample_000881.npz,train,8,16,14,21,10,18,0.07392005025433594,-4.999459482554181,74.19798074911895
sample_000882,samples/sample_000882.npz,train,48,52,15,21,12,14,0.059106432252927624,-0.5061554727656434,7.387649713828093
sample_000883,samples/sample_000883.npz,train,20,28,23,39,2,10,0.07914152747218932,-89.40857078535218,793.0921925924498
sample_000884,samples/sample_000884.npz,train,33,42,25,36,12,15,0.07908141473595014,-3.5395910733447162,47.34101119657611
sample_000885,samples/sample_000885.npz,train,24,31,14,23,11,17,0.0673943030010126,-3.680295227227843,52.958354628601185
sample_000886,samples/sample_000886.npz,train,11,17,20,34,6,12,0.08110560882289176,-17.192273574463073,215.54881192534145
sample_000887,samples/sample_000887.npz,train,31,41,24,35,4,12,0.07322358840959547,-40.679923148605376,457.7090667669308
sample_000888,samples/sample_000888.npz,train,34,50,42,56,3,11,0.02152316682553881,-28.31363171558641,203.28697438303104
sample_000889,samples/sample_000889.npz,train,36,46,22,34,15,23,0.0851861892102961,-4.98205420266521,71.36856482371488
sample_000890,samples/sample_000890.npz,train,16,26,24,33,9,16,0.06874042328437015,-8.541831126044372,116.73210918259912
sample_000891,samples/sample_000891.npz,train,41,51,32,46,14,21,0.057846478959072814,-4.2170162409973155,58.50864888924901
sample_000892,samples/sample_000892.npz,train,21,30,31,37,14,18,0.09299453455862322,-2.014565870979799,28.680388548291162
sample_000893,samples/sample_000893.npz,train,42,50,25,31,5,8,0.0012862335926374373,-0.1972311723482048,2.367803370596364
sample_000894,samples/sample_000894.npz,train,22,35,8,23,13,15,0.07380379020929799,-3.6392078658354143,44.46220543044681
sample_000895,samples/sample_000895.npz,train,27,40,12,26,8,12,0.09433584774071603,-20.441206127606904,220.52049919588083
sample_000896,samples/sample_000896.npz,train,16,27,12,20,15,21,0.029280238626550183,-1.1087610821025629,15.705231583295442
sample_000897,samples/sample_000897.npz,train,12,27,41,51,14,19,0.03752637536744473,-2.4740621528604576,32.141065574873856
sample_000898,samples/sample_000898.npz,train,43,53,19,28,8,10,0.002265699603333463,-0.17683692654711744,2.1160374898235577
sample_000899,samples/sample_000899.npz,train,14,25,21,26,7,13,0.09428532946805931,-11.55337842995315,150.4801012260183
sample_000900,samples/sample_000900.npz,train,41,52,21,33,14,17,0.0825487561255108,-3.348421904583916,44.47666393324329
sample_000901,samples/sample_000901.npz,train,15,25,15,25,13,17,0.0959888481320283,-4.429143873768353,60.53076438234129
sample_000902,samples/sample_000902.npz,train,10,21,42,55,12,14,0.005862042410063234,-0.2668432723955761,3.3526049114974623
sample_000903,samples/sample_000903.npz,train,24,33,12,28,13,17,0.028182318655363747,-1.743180628268217,22.883810592862247
sample_000904,samples/sample_000904.npz,train,28,42,34,50,8,15,0.0030493722557860545,-1.0055043163689859,11.126089665851575
sample_000905,samples/sample_000905.npz,train,51,55,18,34,13,19,0.06360927299118445,-2.2767649018300267,31.988216172393948
sample_000906,samples/sample_000906.npz,train,34,38,22,31,6,8,0.06880412965803853,-4.147193417222048,53.67384014397343
sample_000907,samples/sample_000907.npz,train,13,23,34,47,12,15,0.09955076126802893,-5.665489063059853,73.48735791939387
sample_000908,samples/sample_000908.npz,train,34,50,26,34,9,17,0.05375061969622581,-9.691024812487411,118.97358372601057
sample_000909,samples/sample_000909.npz,train,21,36,36,40,11,14,0.04678764450660333,-1.6252068974988585,19.89059875886747
sample_000910,samples/sample_000910.npz,train,10,14,32,41,10,18,0.07788253954458506,-3.353761483288612,51.28475326192361
sample_000911,samples/sample_000911.npz,train,43,50,26,39,5,11,0.012775542818119497,-3.987223330158112,47.58319341388715
sample_000912,samples/sample_000912.npz,train,8,18,26,31,2,7,0.08126370191149865,-56.42992492056473,518.1658124261685
sample_000913,samples/sample_000913.npz,train,14,29,19,29,12,17,0.09753886110041647,-9.095793748456424,114.0844670657518
sample_000914,samples/sample_000914.npz,train,16,27,20,34,14,16,0.024543860150721433,-0.8202095991525311,10.613886344063458
sample_000915,samples/sample_000915.npz,train,11,24,13,25,15,21,0.04130367281560263,-2.6695234759296076,36.171837373199075
sample_000916,samples/sample_000916.npz,train,21,26,13,17,8,11,0.04861762376417362,-1.2453662799696934,18.005579638531923
sample_000917,samples/sample_000917.npz,train,27,38,16,31,15,20,0.07511667674592203,-4.485546924450777,60.347081018406136
sample_000918,samples/sample_000918.npz,train,38,42,19,26,8,14,0.002034466142097387,-0.09907410304071743,1.4933720283469751
sample_000919,samples/sample_000919.npz,train,38,43,40,46,16,22,0.08146336641802411,-0.9238739044259138,13.894081907998569
sample_000920,samples/sample_000920.npz,train,29,44,34,48,10,17,0.07679039398905234,-16.356560109432483,194.8242094828716
sample_000921,samples/sample_000921.npz,train,30,46,25,35,12,17,0.04973918239097031,-4.921510440464829,60.56456064722921
sample_000922,samples/sample_000922.npz,train,30,46,10,14,8,14,0.003121289450669513,-0.33424454256672426,3.8869930294966846
sample_000923,samples/sample_000923.npz,train,27,32,40,53,16,19,0.026935876332871,-0.39043974252819647,5.549641467111737
sample_000924,samples/sample_000924.npz,train,22,30,28,32,8,11,0.08248096769682678,-3.328778091345083,44.991172878886374
sample_000925,samples/sample_000925.npz,train,16,24,39,50,8,11,0.051055183864479596,-5.01190262307575,62.777422068209574
sample_000926,samples/sample_000926.npz,train,16,30,10,21,9,13,0.03879551894252628,-5.960108126605872,68.01675820500985
sample_000927,samples/sample_000927.npz,train,29,34,39,48,12,15,0.06614156124738839,-1.3992314469811367,19.934454935900543
sample_000928,samples/sample_000928.npz,train,28,33,44,56,6,12,0.03733043259354542,-5.995278094906124,80.02775550974015
sample_000929,samples/sample_000929.npz,train,49,56,20,31,12,19,0.07057701359482882,-4.109036297322911,59.34350837781907
sample_000930,samples/sample_000930.npz,train,23,38,19,34,7,10,0.03154333761050177,-8.672389952128267,79.00764314684469
sample_000931,samples/sample_000931.npz,train,10,16,21,29,11,15,0.06983649338856207,-2.363198455004375,33.84541158076839
sample_000932,samples/sample_000932.npz,train,39,46,28,35,13,21,0.040876592319607184,-1.396525517043208,21.040740817739977
sample_000933,samples/sample_000933.npz,train,33,38,18,27,12,20,0.027308346577892113,-1.0063999272221975,15.236869460381516
sample_000934,samples/sample_000934.npz,train,13,25,26,42,12,15,0.035285826391231324,-2.7970346846476315,34.088857172080495
sample_000935,samples/sample_000935.npz,train,22,36,34,45,12,14,0.05625164569831139,-2.7959936206859624,33.829821971065506
sample_000936,samples/sample_000936.npz,train,43,52,33,44,7,11,0.08870094407173751,-14.986751902590981,180.9079375598827
sample_000937,samples/sample_000937.npz,train,39,46,41,46,8,13,0.06843897771353598,-3.9315022263774297,56.392313318727446
sample_000938,samples/sample_000938.npz,train,14,26,12,27,5,11,0.05124604250944219,-28.09420885906121,271.46458097213525
sample_000939,samples/sample_000939.npz,train,17,30,15,29,3,6,0.04514610879884654,-38.480085893499755,234.88985558104685
sample_000940,samples/sample_000940.npz,train,31,39,14,20,11,19,0.07551621965049997,-3.6252917200786197,54.419980090086725
sample_000941,samples/sample_000941.npz,train,26,38,20,36,11,16,0.05213679175914003,-6.984152046530413,85.72850398955424
sample_000942,samples/sample_000942.npz,train,47,55,41,51,14,17,0.06724785301533814,-1.7068263352646127,23.878958741474644
sample_000943,samples/sample_000943.npz,train,28,44,34,48,8,10,0.09519814141914557,-15.45458232139803,143.57754603404607
sample_000944,samples/sample_000944.npz,train,35,47,9,22,3,7,0.07975841636896217,-69.46083705542823,495.8758634405642
sample_000945,samples/sample_000945.npz,train,19,24,20,24,7,15,0.08662268307652578,-4.3229667754355035,69.51076851179793
sample_000946,samples/sample_000946.npz,train,27,34,37,42,2,4,0.08685123549412659,-36.26294287750222,326.404243766404
sample_000947,samples/sample_000947.npz,train,29,40,14,29,16,24,0.09849778259366558,-6.677564748946027,93.50661430457956
sample_000948,samples/sample_000948.npz,train,51,55,29,36,9,12,0.007569215805481372,-0.2008869752703282,2.8891496383586093
sample_000949,samples/sample_000949.npz,train,17,32,20,24,7,9,0.056622693912813916,-4.12575923904845,41.715067871889644
sample_000950,samples/sample_000950.npz,train,42,53,21,30,12,20,0.015673454745461394,-1.2501963633772335,17.668449134077157
sample_000951,samples/sample_000951.npz,train,19,31,10,16,12,16,0.09755933629914817,-4.027393537103904,53.91255795239501
sample_000952,samples/sample_000952.npz,train,16,32,9,18,2,8,0.05637107329002586,-84.52993919261174,519.9279436790255
sample_000953,samples/sample_000953.npz,train,17,22,20,32,12,18,0.08681565168781837,-3.633241966784851,52.30787553040111
sample_000954,samples/sample_000954.npz,train,26,39,28,41,14,22,0.020771124837858618,-1.9516625934340412,26.63625669501944
sample_000955,samples/sample_000955.npz,train,39,51,13,20,15,19,0.06916663890034365,-1.938798265053066,26.734677549839176
sample_000956,samples/sample_000956.npz,train,36,45,27,39,3,7,0.08737462440608437,-58.011694387058625,500.6987338594108
sample_000957,samples/sample_000957.npz,train,34,42,28,40,3,6,0.008183249005385147,-4.387430093832876,37.716763849899
sample_000958,samples/sample_000958.npz,train,24,32,17,31,7,14,0.008011040863477786,-1.8121759930177517,23.05805254636981
sample_000959,samples/sample_000959.npz,train,35,50,33,49,15,23,0.06091705724598773,-6.760115048835116,89.07838494253775
sample_000960,samples/sample_000960.npz,train,10,23,19,34,12,14,0.04067080728254539,-2.414294433982539,28.737720676457716
sample_000961,samples/sample_000961.npz,train,41,45,35,47,9,15,0.07117092513810971,-4.35436255076052,61.88324804891342
sample_000962,samples/sample_000962.npz,train,30,46,32,43,7,10,0.04870643274919305,-11.60763947503956,108.22088532210651
sample_000963,samples/sample_000963.npz,train,10,20,36,51,2,8,0.00890729120027283,-11.68489733858778,84.76716036619652
sample_000964,samples/sample_000964.npz,train,22,27,40,49,14,21,0.06198390047950219,-1.5375249500958375,23.023849136037352
sample_000965,samples/sample_000965.npz,train,40,49,37,49,8,11,0.09233467564767804,-10.788518589041434,130.17300088045886
sample_000966,samples/sample_000966.npz,train,26,36,26,40,4,12,0.09011992923157827,-58.010752870772066,609.1059298245393
sample_000967,samples/sample_000967.npz,train,29,40,32,45,16,22,0.008349306075438448,-0.42564523351620703,5.9178741122510745
sample_000968,samples/sample_000968.npz,train,14,29,22,31,7,15,0.0037136023103401038,-1.0979933924203342,12.7670685805435
sample_000969,samples/sample_000969.npz,train,39,43,17,26,14,19,0.0825913740558219,-1.3616048457586605,20.143949135074266
sample_000970,samples/sample_000970.npz,train,16,31,29,37,5,8,0.06868489962787817,-22.686997059755747,192.90620423350924
sample_000971,samples/sample_000971.npz,train,24,39,37,42,13,18,0.09604309357562132,-3.901320934558914,51.07263181092038
sample_000972,samples/sample_000972.npz,train,45,50,40,52,12,14,0.06574228133376975,-1.3069043670791665,18.00410797755434
sample_000973,samples/sample_000973.npz,train,50,55,34,48,10,14,0.08023116492152635,-4.488804751685938,60.27730401785334
sample_000974,samples/sample_000974.npz,train,34,38,20,34,16,20,0.03818729849916411,-0.58625395914879,8.378790187651752
sample_000975,samples/sample_000975.npz,train,41,56,32,37,7,12,0.012407880614135013,-1.875465733226298,20.86619611171101
sample_000976,samples/sample_000976.npz,train,37,49,21,31,4,6,0.004948293610598039,-1.8106660823470202,14.15752475776462
sample_000977,samples/sample_000977.npz,train,8,20,33,49,3,6,0.07690337187265064,-64.14276572794664,398.95637880003767
sample_000978,samples/sample_000978.npz,train,23,27,28,36,10,17,0.09733944872643588,-3.5991523563008148,54.689457245110326
sample_000979,samples/sample_000979.npz,train,10,26,35,49,8,15,0.084169842288322,-28.520576978447263,307.16405907992225
sample_000980,samples/sample_000980.npz,train,14,27,26,42,5,10,0.08807204788790014,-50.18828456068162,438.56880779278214
sample_000981,samples/sample_000981.npz,train,11,20,47,55,4,12,0.06792198561463701,-27.18533163931663,344.3043713437323
sample_000982,samples/sample_000982.npz,train,38,44,14,28,7,9,0.02291533719470679,-2.003780740855349,23.528702772077825
sample_000983,samples/sample_000983.npz,train,30,45,38,44,4,8,0.07730387186929082,-33.43918153205951,281.12291695517985
sample_000984,samples/sample_000984.npz,train,32,39,37,44,16,20,0.07290398001380483,-1.030004102766428,15.021798467897234
sample_000985,samples/sample_000985.npz,train,42,53,21,35,4,11,0.05746301875459716,-39.44858878039642,381.6556265415447
sample_000986,samples/sample_000986.npz,train,45,50,41,52,12,15,0.025846805128410397,-0.6517425826766889,9.134896809409515
sample_000987,samples/sample_000987.npz,train,26,30,29,40,14,19,0.027466940653842906,-0.5437445298728719,7.942721540500987
sample_000988,samples/sample_000988.npz,train,30,42,22,36,11,18,0.09835975837408073,-14.136519895834661,183.19230164523648
sample_000989,samples/sample_000989.npz,train,39,44,34,44,5,11,0.07138556975955317,-13.554720251663085,183.6158076177268
sample_000990,samples/sample_000990.npz,train,21,32,12,22,15,18,0.09632523914092249,-2.808163719320598,38.25523196910111
sample_000991,samples/sample_000991.npz,train,10,18,42,50,16,20,0.03341966615211377,-0.6115853436413315,8.815325228596391
sample_000992,samples/sample_000992.npz,train,36,43,15,28,2,10,0.051673782335126234,-47.8327505375147,482.889210280072
sample_000993,samples/sample_000993.npz,train,18,34,38,44,14,21,0.09489697341958246,-4.959795944584225,66.33980243560401
sample_000994,samples/sample_000994.npz,train,8,21,12,27,15,21,0.017843841822646523,-1.3999782771000355,18.602814998130125
sample_000995,samples/sample_000995.npz,train,29,45,45,55,5,7,0.09734953604209315,-30.92329802224938,229.16062220633808
sample_000996,samples/sample_000996.npz,train,30,45,29,40,2,4,0.04170902149200867,-46.347961498817234,197.49167871157857
sample_000997,samples/sample_000997.npz,train,51,56,40,52,11,18,0.01242749757637322,-0.672548102296263,9.764825040558108
sample_000998,samples/sample_000998.npz,train,18,29,31,45,15,18,0.02014676233984991,-0.7895332670394977,10.474871647587587
sample_000999,samples/sample_000999.npz,train,15,25,9,15,15,20,0.047856618927986,-1.1240891432275626,16.081287126173084
